Date,Open,High,Low,Close,Volume
2013-07-17,1291.54,1300.57,1270.16,1275.58,66657
2013-07-18,1274.25,1288.64,1274.14,1283.88,57274
2013-07-19,1283.14,1297.86,1282.34,1295.59,51518
2013-07-22,1297.08,1339.32,1295.88,1335.53,55179
2013-07-23,1334.72,1346.69,1326.71,1344.93,59854
2013-07-24,1347.32,1347.38,1313.08,1321.94,63225
2013-07-25,1321.22,1337.82,1308.87,1333.45,60865
2013-07-26,1332.72,1340.72,1312.35,1333.08,59056
2013-07-29,1333.18,1338.33,1322.87,1327.98,54535
2013-07-30,1326.78,1330.1,1317.65,1326.03,48234
2013-07-31,1326.03,1339.78,1322.05,1326.03,180972
2013-08-01,1326.03,1336.02,1312.78,1332.22,117035
2013-08-02,1332.22,1332.4,1330.81,1330.95,172173
2013-08-05,1330.95,1340.95,1327.3,1338.92,61742
2013-08-06,1338.92,1367.84,1336.41,1357.35,87477
2013-08-07,1357.35,1357.36,1354.78,1354.78,135293
2013-08-08,1354.78,1357.95,1350.44,1352.23,82531
2013-08-09,1352.23,1373.56,1351.99,1371.46,85666
2013-08-12,1371.46,1388.29,1369.68,1380.95,74025
2013-08-13,1380.95,1409.39,1363.34,1375.37,25338
2013-08-14,1375.37,1392.64,1363.23,1382.13,21195
2013-08-15,1382.13,1398.53,1366.72,1376.62,100570
2013-08-16,1376.62,1382.49,1361.23,1371.13,104235
2013-08-19,1371.13,1391.74,1357.28,1374.24,164688
2013-08-20,1374.24,1375.64,1349.35,1351.42,92435
2013-08-21,1351.42,1353.14,1310.85,1331.29,41952
2013-08-22,1331.29,1331.51,1325.02,1325.08,135475
2013-08-23,1325.08,1340.95,1312.49,1313.71,117469
2013-08-26,1313.71,1325.08,1307.41,1317.82,127208
2013-08-27,1317.82,1348.4,1302.26,1307.75,79832
2013-08-28,1307.75,1308.16,1291.49,1292.06,72971
2013-08-29,1292.06,1309.98,1291.52,1309.45,127174
2013-08-30,1309.45,1320.48,1299.68,1307.34,30967
2013-09-02,1307.34,1320.29,1297.75,1308.62,81423
2013-09-03,1308.62,1313.78,1291.12,1292.78,76099
2013-09-04,1292.78,1327.87,1267.41,1287.16,103412
2013-09-05,1287.16,1298.57,1281.16,1289.03,116735
2013-09-06,1289.03,1301.86,1246.96,1276.61,142077
2013-09-09,1276.61,1286.92,1273.08,1281.51,179826
2013-09-10,1281.51,1308.04,1267.37,1275.38,121380
2013-09-11,1275.38,1279.37,1250.41,1272.77,109202
2013-09-12,1272.77,1277.4,1263.79,1266.72,133557
2013-09-13,1266.72,1293.2,1257.07,1288.31,117580
2013-09-16,1288.31,1293.84,1269.78,1288.77,99776
2013-09-17,1288.77,1299.05,1273.77,1277.42,127821
2013-09-18,1277.42,1290.94,1276.56,1287.4,39285
2013-09-19,1287.4,1291.86,1271.35,1274.23,120026
2013-09-20,1274.23,1277.28,1273.77,1277.27,127953
2013-09-23,1277.27,1280.14,1252.99,1256.06,13866
2013-09-24,1256.06,1263.25,1229.24,1242.2,127739
2013-09-25,1242.2,1250.92,1238.88,1245.21,127342
2013-09-26,1245.21,1277.08,1240.28,1254.19,85228
2013-09-27,1254.19,1260.42,1253.38,1256.89,58825
2013-09-30,1256.89,1285.41,1235.55,1256.4,74829
2013-10-01,1256.4,1267.75,1217.66,1253.85,55339
2013-10-02,1253.85,1256.48,1229.15,1238.4,106400
2013-10-03,1238.4,1246.02,1221.58,1231.44,85609
2013-10-04,1231.44,1238.86,1222.69,1227.36,61449
2013-10-07,1227.36,1244.3,1226.73,1239.81,101311
2013-10-08,1239.81,1246.85,1230.19,1244.45,135607
2013-10-09,1244.45,1270.29,1213.09,1226.1,40138
2013-10-10,1226.1,1231.3,1213.32,1230.56,63125
2013-10-11,1230.56,1233.38,1226.38,1227.32,71130
2013-10-14,1227.32,1228.62,1220.31,1220.95,166938
2013-10-15,1220.95,1252.14,1205.89,1228.54,132455
2013-10-16,1228.54,1253.58,1204.39,1240.72,55098
2013-10-17,1240.72,1264.74,1237.28,1251.85,122059
2013-10-18,1251.85,1253.68,1237.26,1243.46,141892
2013-10-21,1243.46,1247.13,1240.25,1240.95,38755
2013-10-22,1240.95,1249.52,1240.51,1245.48,144974
2013-10-23,1245.48,1259.74,1240.76,1257.13,99057
2013-10-24,1257.13,1257.67,1251.76,1252.65,94741
2013-10-25,1252.65,1257.62,1233.14,1251.44,169983
2013-10-28,1251.44,1275.85,1227.11,1240.14,79881
2013-10-29,1240.14,1241.19,1227.19,1228.03,68649
2013-10-30,1228.03,1246.47,1220.19,1237.84,97312
2013-10-31,1237.84,1260.42,1223.13,1253.67,76797
2013-11-01,1253.67,1255.38,1252.11,1253.73,103038
2013-11-04,1253.73,1270.73,1240.9,1265.74,134766
2013-11-05,1265.74,1280.07,1265.26,1270.58,127333
2013-11-06,1270.58,1273.71,1257.25,1264.15,68560
2013-11-07,1264.15,1274.87,1250.21,1269.0,90765
2013-11-08,1269.0,1314.74,1254.71,1287.13,75765
2013-11-11,1287.13,1336.06,1268.43,1287.44,78017
2013-11-12,1287.44,1310.84,1286.87,1306.04,101015
2013-11-13,1306.04,1306.42,1258.19,1276.82,80275
2013-11-14,1276.82,1312.62,1260.17,1286.88,88841
2013-11-15,1286.88,1291.73,1285.53,1288.59,122824
2013-11-18,1288.59,1293.14,1277.5,1285.91,56593
2013-11-19,1285.91,1322.23,1271.32,1287.68,45957
2013-11-20,1287.68,1296.57,1255.91,1266.01,121955
2013-11-21,1266.01,1266.46,1263.22,1264.38,103435
2013-11-22,1264.38,1276.35,1237.95,1269.21,107008
2013-11-25,1269.21,1302.25,1255.93,1286.69,136872
2013-11-26,1286.69,1289.55,1277.41,1281.55,182261
2013-11-27,1281.55,1289.07,1258.5,1273.2,122220
2013-11-28,1273.2,1278.56,1264.59,1268.38,139032
2013-11-29,1268.38,1295.63,1267.67,1279.49,71616
2013-12-02,1279.49,1287.85,1274.0,1283.99,197068
2013-12-03,1283.99,1292.4,1275.31,1278.76,140855
2013-12-04,1278.76,1332.28,1223.13,1285.35,174838
2013-12-05,1285.35,1292.01,1282.39,1287.21,5429
2013-12-06,1287.21,1299.02,1287.16,1299.01,59444
2013-12-09,1299.01,1300.13,1291.37,1291.68,64186
2013-12-10,1291.68,1297.45,1284.91,1288.68,134338
2013-12-11,1288.68,1288.81,1280.17,1284.98,88012
2013-12-12,1284.98,1286.82,1268.48,1269.26,158567
2013-12-13,1269.26,1277.35,1244.65,1273.43,114884
2013-12-16,1273.43,1277.48,1266.72,1277.19,143858
2013-12-17,1277.19,1289.69,1275.4,1278.06,67998
2013-12-18,1278.06,1279.17,1275.82,1276.23,98287
2013-12-19,1276.23,1276.91,1259.39,1261.21,75731
2013-12-20,1261.21,1264.72,1255.99,1257.43,24937
2013-12-23,1257.43,1262.87,1244.35,1254.54,75026
2013-12-24,1254.54,1256.08,1241.03,1246.62,135882
2013-12-25,1246.62,1258.03,1225.9,1245.82,91940
2013-12-26,1245.82,1251.3,1245.76,1251.24,70633
2013-12-27,1251.24,1273.73,1249.57,1273.2,128180
2013-12-30,1273.2,1276.94,1257.54,1276.01,116390
2013-12-31,1276.01,1296.8,1267.53,1279.76,82278
2014-01-01,1279.76,1281.76,1276.61,1279.74,107891
2014-01-02,1279.74,1287.08,1254.45,1259.08,107625
2014-01-03,1259.08,1273.21,1253.88,1259.71,172372
2014-01-06,1259.71,1263.87,1257.73,1261.3,56414
2014-01-07,1261.3,1294.08,1245.62,1289.94,100624
2014-01-08,1289.94,1301.58,1269.07,1288.54,120431
2014-01-09,1288.54,1302.43,1275.99,1292.77,56322
2014-01-10,1292.77,1295.33,1285.75,1293.15,52976
2014-01-13,1293.15,1300.7,1268.68,1280.66,118528
2014-01-14,1280.66,1311.03,1256.62,1294.48,122091
2014-01-15,1294.48,1310.14,1289.25,1303.88,110417
2014-01-16,1303.88,1321.62,1288.56,1313.74,113986
2014-01-17,1313.74,1315.89,1298.01,1303.93,127165
2014-01-20,1303.93,1322.36,1300.72,1320.91,113402
2014-01-21,1320.91,1323.05,1298.35,1305.33,130271
2014-01-22,1305.33,1321.86,1303.17,1312.85,98427
2014-01-23,1312.85,1339.83,1310.01,1339.17,143270
2014-01-24,1339.17,1351.12,1302.57,1328.1,115472
2014-01-27,1328.1,1360.1,1305.84,1322.11,109972
2014-01-28,1322.11,1326.15,1321.75,1323.94,85943
2014-01-29,1323.94,1342.54,1283.9,1318.73,119994
2014-01-30,1318.73,1326.11,1259.34,1301.5,125020
2014-01-31,1301.5,1310.59,1299.93,1303.05,178166
2014-02-03,1303.05,1310.68,1280.99,1291.66,178503
2014-02-04,1291.66,1297.94,1291.59,1297.89,70300
2014-02-05,1297.89,1306.37,1276.58,1288.2,122515
2014-02-06,1288.2,1331.96,1281.47,1306.78,86594
2014-02-07,1306.78,1314.39,1294.35,1298.53,116594
2014-02-10,1298.53,1298.82,1291.95,1295.64,1182
2014-02-11,1295.64,1306.82,1290.73,1305.79,115452
2014-02-12,1305.79,1310.9,1287.87,1292.45,81367
2014-02-13,1292.45,1296.04,1291.48,1295.88,107800
2014-02-14,1295.88,1324.13,1289.05,1311.73,125181
2014-02-17,1311.73,1322.0,1286.75,1294.0,110126
2014-02-18,1294.0,1297.34,1288.67,1296.94,79342
2014-02-19,1296.94,1301.32,1294.84,1300.74,92929
2014-02-20,1300.74,1321.54,1294.37,1310.55,89752
2014-02-21,1310.55,1310.76,1295.42,1297.08,134980
2014-02-24,1297.08,1308.14,1273.3,1282.88,80511
2014-02-25,1282.88,1293.55,1276.39,1289.7,81755
2014-02-26,1289.7,1295.49,1288.25,1293.95,83480
2014-02-27,1293.95,1298.07,1282.7,1297.66,122925
2014-02-28,1297.66,1311.68,1289.93,1302.46,107353
2014-03-03,1302.46,1315.91,1256.86,1295.48,96181
2014-03-04,1295.48,1301.03,1274.29,1298.98,136615
2014-03-05,1298.98,1304.1,1293.97,1303.18,169554
2014-03-06,1303.18,1311.59,1292.07,1295.8,119282
2014-03-07,1295.8,1320.28,1285.47,1318.17,88844
2014-03-10,1318.17,1325.04,1300.83,1324.44,97903
2014-03-11,1324.44,1355.15,1309.78,1311.31,138057
2014-03-12,1311.31,1328.8,1306.38,1319.71,162515
2014-03-13,1319.71,1320.67,1307.97,1309.16,176165
2014-03-14,1309.16,1371.54,1305.4,1319.08,111824
2014-03-17,1319.08,1366.32,1293.05,1333.39,108671
2014-03-18,1333.39,1342.83,1311.05,1324.46,75684
2014-03-19,1324.46,1340.86,1317.84,1336.5,55805
2014-03-20,1336.5,1346.03,1334.83,1342.06,71283
2014-03-21,1342.06,1356.54,1341.39,1352.48,78751
2014-03-24,1352.48,1384.0,1347.48,1375.91,116344
2014-03-25,1375.91,1379.82,1369.3,1373.44,121392
2014-03-26,1373.44,1385.22,1356.37,1364.85,16518
2014-03-27,1364.85,1365.12,1346.79,1354.73,62539
2014-03-28,1354.73,1357.63,1343.77,1345.62,10470
2014-03-31,1345.62,1364.71,1330.96,1345.36,9900
2014-04-01,1345.36,1353.99,1335.03,1350.07,84599
2014-04-02,1350.07,1354.81,1337.89,1354.01,130728
2014-04-03,1354.01,1366.19,1341.28,1364.54,16635
2014-04-04,1364.54,1372.73,1357.08,1365.27,98179
2014-04-07,1365.27,1387.15,1363.14,1383.46,39313
2014-04-08,1383.46,1388.22,1367.81,1380.72,81999
2014-04-09,1380.72,1425.25,1373.69,1414.76,70761
2014-04-10,1414.76,1431.08,1392.78,1422.93,92977
2014-04-11,1422.93,1423.95,1399.03,1412.52,71246
2014-04-14,1412.52,1414.76,1398.86,1399.59,103670
2014-04-15,1399.59,1406.44,1398.76,1405.99,163124
2014-04-16,1405.99,1419.24,1396.66,1403.61,64430
2014-04-17,1403.61,1425.92,1381.7,1412.88,75840
2014-04-18,1412.88,1425.05,1411.48,1419.16,139862
2014-04-21,1419.16,1423.83,1417.2,1418.59,112962
2014-04-22,1418.59,1420.1,1355.07,1408.37,92524
2014-04-23,1408.37,1438.5,1370.65,1390.07,118666
2014-04-24,1390.07,1412.11,1344.5,1385.09,137287
2014-04-25,1385.09,1400.23,1381.06,1396.1,67019
2014-04-28,1396.1,1404.16,1386.18,1399.19,148923
2014-04-29,1399.19,1400.59,1382.09,1384.35,27175
2014-04-30,1384.35,1394.88,1384.06,1386.98,45267
2014-05-01,1386.98,1420.01,1383.76,1392.21,150548
2014-05-02,1392.21,1399.22,1379.31,1381.88,110560
2014-05-05,1381.88,1398.52,1376.28,1384.29,33804
2014-05-06,1384.29,1387.33,1382.92,1385.53,54791
2014-05-07,1385.53,1440.85,1350.19,1372.15,102881
2014-05-08,1372.15,1380.15,1371.9,1377.08,110310
2014-05-09,1377.08,1390.81,1374.14,1384.48,23687
2014-05-12,1384.48,1403.79,1359.44,1398.31,122262
2014-05-13,1398.31,1421.94,1366.14,1411.84,143307
2014-05-14,1411.84,1412.52,1385.59,1395.19,48513
2014-05-15,1395.19,1407.64,1362.05,1384.19,39226
2014-05-16,1384.19,1410.63,1360.23,1391.04,148010
2014-05-19,1391.04,1400.81,1382.8,1397.87,25210
2014-05-20,1397.87,1405.87,1395.17,1404.72,79607
2014-05-21,1404.72,1455.12,1404.36,1453.74,118140
2014-05-22,1453.74,1462.24,1446.67,1461.31,86298
2014-05-23,1461.31,1478.88,1460.74,1476.21,124408
2014-05-26,1476.21,1490.32,1475.63,1488.81,128584
2014-05-27,1488.81,1536.68,1477.43,1497.45,117019
2014-05-28,1497.45,1524.49,1479.34,1493.32,88458
2014-05-29,1493.32,1525.94,1482.2,1503.4,77778
2014-05-30,1503.4,1507.45,1491.87,1493.2,112698
2014-06-02,1493.2,1493.71,1487.24,1490.14,39421
2014-06-03,1490.14,1499.37,1483.75,1483.84,109010
2014-06-04,1483.84,1499.41,1464.54,1485.02,108093
2014-06-05,1485.02,1535.74,1435.44,1515.75,131006
2014-06-06,1515.75,1517.87,1488.69,1490.95,148021
2014-06-09,1490.95,1504.64,1488.36,1500.08,92566
2014-06-10,1500.08,1500.36,1472.77,1478.93,21955
2014-06-11,1478.93,1483.17,1471.15,1472.92,96221
2014-06-12,1472.92,1493.25,1464.12,1487.31,141668
2014-06-13,1487.31,1489.5,1481.76,1488.26,71724
2014-06-16,1488.26,1511.19,1459.39,1474.28,70815
2014-06-17,1474.28,1481.83,1461.83,1465.17,118024
2014-06-18,1465.17,1509.5,1456.57,1474.2,87965
2014-06-19,1474.2,1481.8,1459.99,1464.91,92229
2014-06-20,1464.91,1480.75,1444.66,1467.93,80657
2014-06-23,1467.93,1473.59,1464.38,1468.73,94424
2014-06-24,1468.73,1491.46,1444.82,1460.51,102907
2014-06-25,1460.51,1489.25,1460.26,1488.65,30751
2014-06-26,1488.65,1498.13,1477.72,1497.11,138061
2014-06-27,1497.11,1504.95,1466.26,1470.69,133870
2014-06-30,1470.69,1476.74,1449.86,1473.31,117290
2014-07-01,1473.31,1478.69,1459.53,1464.94,95573
2014-07-02,1464.94,1488.52,1459.55,1476.23,16279
2014-07-03,1476.23,1482.52,1456.25,1466.13,50502
2014-07-04,1466.13,1468.48,1464.34,1464.89,75739
2014-07-07,1464.89,1475.07,1459.75,1471.67,53825
2014-07-08,1471.67,1494.34,1467.15,1483.17,96135
2014-07-09,1483.17,1489.54,1463.62,1467.72,47314
2014-07-10,1467.72,1480.26,1454.21,1463.63,41328
2014-07-11,1463.63,1471.49,1453.62,1457.77,139136
2014-07-14,1457.77,1466.98,1446.93,1449.69,68792
2014-07-15,1449.69,1498.62,1430.38,1472.77,135718
2014-07-16,1472.77,1490.48,1451.53,1478.26,191266
2014-07-17,1478.26,1493.55,1443.4,1462.12,128508
2014-07-18,1462.12,1485.68,1448.73,1474.28,107407
2014-07-21,1474.28,1503.93,1465.27,1502.36,61907
2014-07-22,1502.36,1524.94,1492.97,1516.2,136015
2014-07-23,1516.2,1525.0,1487.28,1496.05,166688
2014-07-24,1496.05,1514.45,1445.22,1489.8,33735
2014-07-25,1489.8,1513.1,1483.51,1506.7,57994
2014-07-28,1506.7,1523.84,1488.71,1497.41,111350
2014-07-29,1497.41,1517.27,1476.95,1503.41,131173
2014-07-30,1503.41,1514.09,1502.09,1513.82,57165
2014-07-31,1513.82,1554.33,1495.55,1501.55,140297
2014-08-01,1501.55,1505.38,1481.4,1500.88,100499
2014-08-04,1500.88,1577.84,1409.86,1458.7,93087
2014-08-05,1458.7,1464.13,1436.88,1445.9,109159
2014-08-06,1445.9,1463.73,1434.25,1443.07,125546
2014-08-07,1443.07,1449.19,1425.2,1427.67,64757
2014-08-08,1427.67,1462.35,1411.33,1448.86,90475
2014-08-11,1448.86,1449.51,1430.22,1431.07,126616
2014-08-12,1431.07,1457.87,1414.45,1425.99,109257
2014-08-13,1425.99,1430.32,1417.1,1428.13,135256
2014-08-14,1428.13,1457.42,1412.54,1446.88,146807
2014-08-15,1446.88,1447.05,1427.9,1429.07,65531
2014-08-18,1429.07,1445.32,1428.65,1444.29,37540
2014-08-19,1444.29,1452.74,1439.22,1444.84,74890
2014-08-20,1444.84,1451.29,1421.47,1432.79,151078
2014-08-21,1432.79,1445.59,1427.03,1439.12,167055
2014-08-22,1439.12,1459.43,1422.02,1442.09,113542
2014-08-25,1442.09,1445.31,1419.69,1434.91,144032
2014-08-26,1434.91,1445.2,1428.83,1436.26,170447
2014-08-27,1436.26,1436.27,1431.85,1431.86,183441
2014-08-28,1431.86,1439.58,1425.18,1433.78,97843
2014-08-29,1433.78,1460.19,1397.53,1442.66,107845
2014-09-01,1442.66,1486.02,1438.9,1463.43,144155
2014-09-02,1463.43,1463.45,1443.41,1447.88,56313
2014-09-03,1447.88,1488.22,1426.89,1475.81,163593
2014-09-04,1475.81,1488.66,1438.58,1450.91,45367
2014-09-05,1450.91,1452.1,1445.1,1449.38,128243
2014-09-08,1449.38,1461.34,1444.58,1457.34,61411
2014-09-09,1457.34,1468.8,1415.61,1461.34,127157
2014-09-10,1461.34,1462.48,1452.96,1453.71,117132
2014-09-11,1453.71,1454.44,1451.25,1451.45,103143
2014-09-12,1451.45,1466.99,1412.34,1445.57,53866
2014-09-15,1445.57,1493.57,1402.26,1438.53,71639
2014-09-16,1438.53,1466.25,1432.98,1449.84,116019
2014-09-17,1449.84,1455.01,1447.32,1454.85,158037
2014-09-18,1454.85,1503.33,1416.89,1446.39,88807
2014-09-19,1446.39,1466.22,1435.1,1458.38,186602
2014-09-22,1458.38,1466.82,1438.66,1462.74,144236
2014-09-23,1462.74,1481.13,1462.02,1473.65,134465
2014-09-24,1473.65,1485.77,1471.82,1482.19,97041
2014-09-25,1482.19,1484.61,1469.99,1471.69,120223
2014-09-26,1471.69,1526.31,1455.06,1464.78,119657
2014-09-29,1464.78,1476.67,1463.87,1474.85,117439
2014-09-30,1474.85,1511.4,1469.63,1483.16,91101
2014-10-01,1483.16,1505.77,1469.67,1483.18,179662
2014-10-02,1483.18,1492.52,1481.18,1485.02,133629
2014-10-03,1485.02,1506.6,1483.19,1502.15,75705
2014-10-06,1502.15,1502.69,1494.02,1494.55,28959
2014-10-07,1494.55,1506.49,1470.16,1502.04,117767
2014-10-08,1502.04,1510.53,1475.08,1499.59,120890
2014-10-09,1499.59,1503.26,1495.51,1496.95,122949
2014-10-10,1496.95,1539.18,1490.72,1511.78,105820
2014-10-13,1511.78,1524.47,1495.4,1523.01,127816
2014-10-14,1523.01,1536.27,1507.48,1534.11,84492
2014-10-15,1534.11,1555.34,1525.23,1551.96,94893
2014-10-16,1551.96,1580.36,1532.27,1552.25,143550
2014-10-17,1552.25,1561.74,1544.66,1561.62,167828
2014-10-20,1561.62,1566.72,1523.98,1557.31,107011
2014-10-21,1557.31,1571.23,1554.28,1561.76,81818
2014-10-22,1561.76,1562.1,1559.63,1559.93,102090
2014-10-23,1559.93,1574.33,1536.48,1561.24,139112
2014-10-24,1561.24,1611.46,1510.74,1569.43,87912
2014-10-27,1569.43,1585.59,1555.21,1558.08,59576
2014-10-28,1558.08,1600.89,1552.09,1587.09,63017
2014-10-29,1587.09,1596.15,1567.02,1572.93,119847
2014-10-30,1572.93,1577.63,1538.34,1556.11,132620
2014-10-31,1556.11,1572.24,1555.81,1572.09,147225
2014-11-03,1572.09,1583.54,1571.53,1583.04,79928
2014-11-04,1583.04,1599.44,1581.57,1591.66,120009
2014-11-05,1591.66,1611.85,1583.41,1600.35,168481
2014-11-06,1600.35,1613.76,1585.33,1599.99,68177
2014-11-07,1599.99,1609.49,1570.73,1587.19,120109
2014-11-10,1587.19,1630.28,1516.08,1588.13,76728
2014-11-11,1588.13,1592.17,1536.31,1578.55,26732
2014-11-12,1578.55,1619.73,1544.27,1592.1,95862
2014-11-13,1592.1,1637.62,1555.27,1589.9,127157
2014-11-14,1589.9,1590.59,1575.97,1578.24,113234
2014-11-17,1578.24,1600.38,1546.58,1573.7,155059
2014-11-18,1573.7,1583.14,1565.71,1579.4,55536
2014-11-19,1579.4,1579.73,1570.52,1571.49,113868
2014-11-20,1571.49,1650.98,1558.71,1560.11,125621
2014-11-21,1560.11,1563.73,1557.35,1563.49,109311
2014-11-24,1563.49,1595.51,1547.87,1566.88,138335
2014-11-25,1566.88,1567.08,1558.93,1559.89,108973
2014-11-26,1559.89,1564.49,1533.14,1553.46,112831
2014-11-27,1553.46,1560.93,1552.5,1556.7,66721
2014-11-28,1556.7,1565.52,1525.47,1537.0,184990
2014-12-01,1537.0,1579.79,1490.94,1518.19,102850
2014-12-02,1518.19,1533.15,1489.08,1508.83,149583
2014-12-03,1508.83,1515.86,1502.31,1506.28,192145
2014-12-04,1506.28,1541.74,1478.04,1510.72,61064
2014-12-05,1510.72,1536.5,1506.85,1530.79,67042
2014-12-08,1530.79,1567.67,1530.78,1542.6,131285
2014-12-09,1542.6,1553.08,1526.03,1540.56,46016
2014-12-10,1540.56,1540.8,1539.67,1540.45,92836
2014-12-11,1540.45,1545.07,1522.15,1527.04,60567
2014-12-12,1527.04,1532.76,1522.73,1527.01,45085
2014-12-15,1527.01,1538.68,1523.07,1523.34,175910
2014-12-16,1523.34,1541.24,1511.14,1527.92,38287
2014-12-17,1527.92,1534.24,1510.32,1517.03,90561
2014-12-18,1517.03,1529.54,1513.7,1524.27,86435
2014-12-19,1524.27,1546.04,1521.39,1545.26,80122
2014-12-22,1545.26,1548.34,1543.81,1543.92,67559
2014-12-23,1543.92,1554.48,1539.88,1549.56,131314
2014-12-24,1549.56,1562.17,1545.47,1559.15,117790
2014-12-25,1559.15,1561.26,1548.57,1553.72,100287
2014-12-26,1553.72,1562.66,1474.49,1556.91,85598
2014-12-29,1556.91,1561.85,1553.01,1557.19,147709
2014-12-30,1557.19,1574.44,1544.42,1558.63,94314
2014-12-31,1558.63,1564.58,1543.09,1548.14,54279
2015-01-01,1548.14,1549.53,1547.12,1548.62,102927
2015-01-02,1548.62,1558.66,1548.41,1555.59,55218
2015-01-05,1555.59,1576.97,1547.18,1575.74,124123
2015-01-06,1575.74,1626.19,1571.8,1589.16,151015
2015-01-07,1589.16,1621.03,1586.88,1619.59,148727
2015-01-08,1619.59,1635.94,1602.58,1608.49,77130
2015-01-09,1608.49,1626.34,1607.17,1620.79,142606
2015-01-12,1620.79,1647.05,1599.03,1623.24,94384
2015-01-13,1623.24,1657.64,1615.65,1654.7,116962
2015-01-14,1654.7,1655.72,1641.68,1642.61,111240
2015-01-15,1642.61,1681.43,1624.16,1630.22,229723
2015-01-16,1630.22,1637.71,1617.03,1621.42,139823
2015-01-19,1621.42,1670.36,1537.8,1591.17,75118
2015-01-20,1591.17,1596.22,1572.9,1583.78,52012
2015-01-21,1583.78,1618.25,1539.96,1573.23,19260
2015-01-22,1573.23,1577.38,1572.92,1575.38,81686
2015-01-23,1575.38,1581.23,1571.64,1580.2,71412
2015-01-26,1580.2,1609.57,1578.65,1606.6,60194
2015-01-27,1606.6,1627.1,1606.02,1620.04,157154
2015-01-28,1620.04,1635.39,1603.05,1611.67,150113
2015-01-29,1611.67,1617.14,1583.3,1598.85,104137
2015-01-30,1598.85,1615.79,1598.05,1605.76,112883
2015-02-02,1605.76,1605.92,1586.95,1587.11,109030
2015-02-03,1587.11,1613.27,1586.7,1612.97,126588
2015-02-04,1612.97,1639.69,1608.03,1629.73,68719
2015-02-05,1629.73,1653.8,1616.42,1622.83,26754
2015-02-06,1622.83,1667.76,1596.49,1598.36,93987
2015-02-09,1598.36,1623.6,1591.53,1617.53,118574
2015-02-10,1617.53,1620.63,1607.1,1615.79,107242
2015-02-11,1615.79,1647.17,1606.11,1633.42,110287
2015-02-12,1633.42,1633.45,1609.04,1610.43,93426
2015-02-13,1610.43,1614.15,1598.07,1601.87,44458
2015-02-16,1601.87,1636.32,1597.36,1601.92,64288
2015-02-17,1601.92,1602.87,1584.06,1602.56,126199
2015-02-18,1602.56,1616.73,1590.19,1596.18,65740
2015-02-19,1596.18,1607.16,1593.08,1604.98,84687
2015-02-20,1604.98,1605.84,1587.34,1589.9,84004
2015-02-23,1589.9,1590.12,1587.09,1587.95,73195
2015-02-24,1587.95,1613.84,1577.94,1589.69,147275
2015-02-25,1589.69,1598.68,1585.21,1596.96,141443
2015-02-26,1596.96,1631.49,1586.94,1607.03,149506
2015-02-27,1607.03,1613.48,1589.07,1591.14,75427
2015-03-02,1591.14,1603.16,1552.95,1569.8,164351
2015-03-03,1569.8,1603.56,1563.09,1587.74,94002
2015-03-04,1587.74,1605.67,1575.32,1592.47,151842
2015-03-05,1592.47,1599.53,1579.12,1582.04,44168
2015-03-06,1582.04,1611.5,1580.0,1603.93,81922
2015-03-09,1603.93,1605.67,1600.92,1605.57,85125
2015-03-10,1605.57,1626.51,1584.02,1622.35,105595
2015-03-11,1622.35,1648.01,1619.53,1623.23,56105
2015-03-12,1623.23,1672.81,1591.15,1652.91,138000
2015-03-13,1652.91,1685.36,1652.03,1678.47,112068
2015-03-16,1678.47,1684.45,1671.56,1674.45,97436
2015-03-17,1674.45,1710.46,1672.83,1688.54,105721
2015-03-18,1688.54,1708.8,1679.27,1697.79,68002
2015-03-19,1697.79,1732.18,1661.59,1717.97,155738
2015-03-20,1717.97,1723.7,1697.84,1702.9,77755
2015-03-23,1702.9,1716.89,1700.59,1712.79,164591
2015-03-24,1712.79,1736.49,1704.16,1728.36,123436
2015-03-25,1728.36,1747.91,1698.18,1701.2,140378
2015-03-26,1701.2,1724.7,1681.68,1683.12,96502
2015-03-27,1683.12,1692.61,1652.19,1652.78,174220
2015-03-30,1652.78,1654.19,1642.1,1648.66,89493
2015-03-31,1648.66,1664.86,1645.82,1658.96,52825
2015-04-01,1658.96,1683.0,1654.08,1680.86,135500
2015-04-02,1680.86,1682.48,1675.38,1681.64,149980
2015-04-03,1681.64,1714.39,1662.27,1705.64,115166
2015-04-06,1705.64,1719.27,1629.96,1684.57,83511
2015-04-07,1684.57,1693.56,1651.97,1659.13,88800
2015-04-08,1659.13,1671.18,1638.6,1658.11,187363
2015-04-09,1658.11,1669.6,1651.71,1663.53,96282
2015-04-10,1663.53,1668.43,1662.01,1662.82,70734
2015-04-13,1662.82,1664.5,1606.41,1632.57,75670
2015-04-14,1632.57,1634.6,1618.87,1631.21,180611
2015-04-15,1631.21,1640.32,1587.2,1612.49,113902
2015-04-16,1612.49,1622.61,1612.19,1622.06,120249
2015-04-17,1622.06,1642.05,1594.81,1627.3,154502
2015-04-20,1627.3,1719.3,1581.03,1613.83,109715
2015-04-21,1613.83,1634.22,1586.34,1606.55,176937
2015-04-22,1606.55,1629.51,1585.27,1591.68,20980
2015-04-23,1591.68,1618.88,1590.56,1590.94,16887
2015-04-24,1590.94,1613.85,1588.89,1604.54,65460
2015-04-27,1604.54,1604.55,1590.47,1590.73,45325
2015-04-28,1590.73,1626.19,1584.15,1597.96,80469
2015-04-29,1597.96,1598.21,1575.01,1590.62,60600
2015-04-30,1590.62,1590.9,1577.69,1579.69,80766
2015-05-01,1579.69,1585.96,1577.34,1578.41,186797
2015-05-04,1578.41,1623.87,1545.04,1564.28,72854
2015-05-05,1564.28,1568.54,1555.52,1556.94,163941
2015-05-06,1556.94,1568.69,1521.6,1540.9,53953
2015-05-07,1540.9,1607.96,1493.94,1568.24,120677
2015-05-08,1568.24,1569.08,1565.6,1569.0,108190
2015-05-11,1569.0,1590.27,1555.67,1559.61,137297
2015-05-12,1559.61,1567.89,1539.48,1562.88,95826
2015-05-13,1562.88,1567.88,1560.41,1561.64,118410
2015-05-14,1561.64,1565.05,1558.22,1558.91,158487
2015-05-15,1558.91,1575.17,1557.07,1567.71,129996
2015-05-18,1567.71,1583.13,1566.16,1578.51,60332
2015-05-19,1578.51,1580.58,1568.12,1571.38,52430
2015-05-20,1571.38,1581.77,1550.89,1563.7,38496
2015-05-21,1563.7,1564.81,1559.94,1560.23,85475
2015-05-22,1560.23,1573.37,1518.86,1529.2,125346
2015-05-25,1529.2,1548.7,1487.17,1509.38,152446
2015-05-26,1509.38,1531.52,1509.08,1528.27,145582
2015-05-27,1528.27,1558.38,1518.86,1551.11,95460
2015-05-28,1551.11,1555.77,1544.19,1548.09,123819
2015-05-29,1548.09,1557.73,1547.36,1556.39,39991
2015-06-01,1556.39,1579.14,1544.51,1561.04,97494
2015-06-02,1561.04,1605.63,1555.2,1604.36,91985
2015-06-03,1604.36,1625.18,1601.14,1620.43,162351
2015-06-04,1620.43,1664.94,1608.5,1618.68,90292
2015-06-05,1618.68,1633.89,1570.4,1605.18,75694
2015-06-08,1605.18,1607.47,1582.25,1582.74,112307
2015-06-09,1582.74,1602.71,1548.29,1585.84,70591
2015-06-10,1585.84,1592.84,1575.48,1575.55,142814
2015-06-11,1575.55,1577.96,1547.73,1556.2,97763
2015-06-12,1556.2,1561.34,1547.72,1547.74,124755
2015-06-15,1547.74,1558.3,1524.85,1533.48,39243
2015-06-16,1533.48,1574.51,1529.2,1556.98,79408
2015-06-17,1556.98,1569.78,1552.23,1569.53,103444
2015-06-18,1569.53,1582.55,1566.72,1569.76,121061
2015-06-19,1569.76,1596.16,1569.05,1590.72,100513
2015-06-22,1590.72,1594.31,1575.26,1592.05,82689
2015-06-23,1592.05,1596.16,1576.83,1580.24,139455
2015-06-24,1580.24,1621.31,1578.22,1601.91,80633
2015-06-25,1601.91,1612.75,1593.49,1609.74,99628
2015-06-26,1609.74,1619.53,1593.4,1595.25,111133
2015-06-29,1595.25,1602.81,1587.57,1592.8,80849
2015-06-30,1592.8,1607.52,1576.31,1580.8,83334
2015-07-01,1580.8,1581.23,1561.65,1561.94,151363
2015-07-02,1561.94,1675.72,1541.05,1575.15,143892
2015-07-03,1575.15,1685.42,1559.36,1602.25,109746
2015-07-06,1602.25,1620.99,1564.37,1582.82,104421
2015-07-07,1582.82,1596.43,1551.46,1591.0,65725
2015-07-08,1591.0,1596.04,1571.6,1582.17,131913
2015-07-09,1582.17,1583.64,1557.67,1575.7,174265
2015-07-10,1575.7,1578.4,1552.82,1567.84,4321
2015-07-13,1567.84,1567.92,1539.24,1556.32,45063
2015-07-14,1556.32,1574.11,1552.57,1557.43,111063
2015-07-15,1557.43,1557.66,1546.3,1546.5,75565
2015-07-16,1546.5,1564.17,1536.33,1550.69,157403
2015-07-17,1550.69,1559.32,1550.02,1550.48,26324
2015-07-20,1550.48,1559.46,1537.07,1547.7,101008
2015-07-21,1547.7,1551.99,1478.47,1535.86,119719
2015-07-22,1535.86,1536.9,1528.41,1528.62,108381
2015-07-23,1528.62,1543.76,1509.43,1539.43,66557
2015-07-24,1539.43,1549.02,1517.87,1546.79,139905
2015-07-27,1546.79,1550.48,1532.61,1534.02,97606
2015-07-28,1534.02,1538.37,1517.35,1535.94,55150
2015-07-29,1535.94,1548.82,1527.64,1546.73,45657
2015-07-30,1546.73,1583.42,1522.8,1524.63,76062
2015-07-31,1524.63,1533.7,1518.69,1532.59,183727
2015-08-03,1532.59,1562.04,1499.53,1524.25,68836
2015-08-04,1524.25,1534.14,1523.61,1532.57,160365
2015-08-05,1532.57,1537.74,1518.51,1522.88,40637
2015-08-06,1522.88,1527.04,1494.21,1499.47,57796
2015-08-07,1499.47,1501.5,1477.22,1478.85,83056
2015-08-10,1478.85,1502.04,1463.17,1480.33,47705
2015-08-11,1480.33,1501.06,1461.19,1484.58,92123
2015-08-12,1484.58,1484.92,1460.45,1473.62,119788
2015-08-13,1473.62,1485.4,1467.32,1482.84,54900
2015-08-14,1482.84,1485.65,1455.99,1462.11,99205
2015-08-17,1462.11,1464.31,1460.24,1462.2,69499
2015-08-18,1462.2,1472.05,1432.72,1447.61,167977
2015-08-19,1447.61,1451.96,1432.97,1440.33,130189
2015-08-20,1440.33,1443.49,1438.28,1441.99,33556
2015-08-21,1441.99,1458.39,1429.62,1432.14,137647
2015-08-24,1432.14,1438.03,1425.29,1428.39,73844
2015-08-25,1428.39,1442.28,1427.7,1442.26,62384
2015-08-26,1442.26,1460.33,1435.57,1435.99,90037
2015-08-27,1435.99,1458.51,1416.88,1447.72,109081
2015-08-28,1447.72,1450.75,1430.91,1434.39,112296
2015-08-31,1434.39,1445.85,1418.72,1442.22,76134
2015-09-01,1442.22,1479.53,1441.13,1461.76,73100
2015-09-02,1461.76,1467.9,1429.28,1431.2,56315
2015-09-03,1431.2,1433.31,1420.93,1422.3,5133
2015-09-04,1422.3,1440.24,1397.29,1430.73,106285
2015-09-07,1430.73,1432.59,1428.76,1429.31,75701
2015-09-08,1429.31,1439.53,1420.14,1435.14,105833
2015-09-09,1435.14,1439.89,1421.07,1428.63,112973
2015-09-10,1428.63,1437.93,1417.22,1430.88,63973
2015-09-11,1430.88,1447.29,1415.73,1430.06,119492
2015-09-14,1430.06,1461.05,1424.1,1446.02,94993
2015-09-15,1446.02,1451.91,1440.81,1450.35,121636
2015-09-16,1450.35,1465.14,1449.49,1455.74,57662
2015-09-17,1455.74,1463.75,1427.16,1451.5,110482
2015-09-18,1451.5,1462.4,1377.37,1446.32,154788
2015-09-21,1446.32,1467.99,1425.57,1441.9,63976
2015-09-22,1441.9,1454.37,1426.63,1448.04,104099
2015-09-23,1448.04,1461.72,1426.61,1443.75,109067
2015-09-24,1443.75,1453.51,1437.51,1448.55,146937
2015-09-25,1448.55,1477.93,1446.34,1476.42,45722
2015-09-28,1476.42,1490.79,1473.93,1488.77,22529
2015-09-29,1488.77,1499.72,1484.15,1485.39,119229
2015-09-30,1485.39,1514.41,1473.06,1502.14,145986
2015-10-01,1502.14,1508.35,1496.17,1497.59,53715
2015-10-02,1497.59,1531.14,1457.44,1471.76,147543
2015-10-05,1471.76,1496.85,1425.11,1459.72,76799
2015-10-06,1459.72,1475.29,1429.21,1436.86,104297
2015-10-07,1436.86,1438.84,1425.72,1433.57,151799
2015-10-08,1433.57,1442.27,1429.15,1434.99,81553
2015-10-09,1434.99,1474.51,1422.18,1457.55,52219
2015-10-12,1457.55,1466.73,1455.0,1462.84,98642
2015-10-13,1462.84,1473.64,1446.22,1461.06,135245
2015-10-14,1461.06,1472.86,1461.04,1472.85,76426
2015-10-15,1472.85,1479.12,1433.14,1445.4,67793
2015-10-16,1445.4,1486.88,1424.85,1449.55,61648
2015-10-19,1449.55,1495.05,1440.55,1460.57,91437
2015-10-20,1460.57,1464.73,1441.1,1442.7,126310
2015-10-21,1442.7,1459.83,1441.52,1458.5,76435
2015-10-22,1458.5,1466.64,1444.72,1463.95,83302
2015-10-23,1463.95,1465.88,1454.69,1459.66,80491
2015-10-26,1459.66,1477.56,1423.56,1468.92,147205
2015-10-27,1468.92,1525.96,1454.47,1499.7,97875
2015-10-28,1499.7,1504.54,1491.07,1503.01,120033
2015-10-29,1503.01,1518.03,1493.7,1507.2,108667
2015-10-30,1507.2,1508.3,1498.12,1501.97,58392
2015-11-02,1501.97,1560.22,1472.53,1491.65,114808
2015-11-03,1491.65,1504.54,1491.09,1503.57,116422
2015-11-04,1503.57,1508.87,1489.96,1493.15,134912
2015-11-05,1493.15,1496.31,1488.37,1495.04,59775
2015-11-06,1495.04,1498.22,1485.82,1489.7,57192
2015-11-09,1489.7,1522.41,1483.48,1496.98,131674
2015-11-10,1496.98,1510.39,1485.36,1502.33,158084
2015-11-11,1502.33,1517.21,1502.26,1517.07,132356
2015-11-12,1517.07,1524.36,1508.94,1511.1,52921
2015-11-13,1511.1,1528.25,1483.21,1508.39,108378
2015-11-16,1508.39,1508.48,1483.58,1496.31,92469
2015-11-17,1496.31,1516.35,1473.38,1491.41,81613
2015-11-18,1491.41,1508.3,1487.91,1497.36,121831
2015-11-19,1497.36,1508.65,1491.65,1508.35,88898
2015-11-20,1508.35,1517.34,1469.11,1497.03,91361
2015-11-23,1497.03,1535.04,1476.57,1509.53,56314
2015-11-24,1509.53,1530.07,1507.44,1528.6,127454
2015-11-25,1528.6,1535.97,1499.93,1535.0,157677
2015-11-26,1535.0,1561.92,1532.27,1561.42,145841
2015-11-27,1561.42,1562.23,1546.33,1551.47,81854
2015-11-30,1551.47,1577.39,1512.69,1535.24,114250
2015-12-01,1535.24,1549.27,1496.71,1512.13,143842
2015-12-02,1512.13,1544.24,1508.25,1533.13,115455
2015-12-03,1533.13,1552.5,1491.61,1542.82,120928
2015-12-04,1542.82,1584.7,1484.03,1542.83,132559
2015-12-07,1542.83,1547.91,1539.78,1547.42,125492
2015-12-08,1547.42,1585.46,1531.93,1532.88,35331
2015-12-09,1532.88,1568.13,1530.39,1567.14,101822
2015-12-10,1567.14,1577.18,1543.9,1569.59,87388
2015-12-11,1569.59,1575.77,1556.51,1571.76,159278
2015-12-14,1571.76,1585.3,1569.43,1582.5,128736
2015-12-15,1582.5,1591.61,1577.9,1589.83,65753
2015-12-16,1589.83,1593.95,1588.81,1593.54,119210
2015-12-17,1593.54,1608.69,1565.29,1583.02,127710
2015-12-18,1583.02,1606.92,1578.15,1590.22,90747
2015-12-21,1590.22,1632.54,1583.03,1617.42,58517
2015-12-22,1617.42,1646.73,1606.01,1637.17,42255
2015-12-23,1637.17,1661.43,1635.03,1660.7,138052
2015-12-24,1660.7,1662.53,1651.57,1653.48,120406
2015-12-25,1653.48,1656.38,1628.6,1639.39,60285
2015-12-28,1639.39,1656.78,1622.84,1637.92,123094
2015-12-29,1637.92,1642.36,1636.8,1639.09,138210
2015-12-30,1639.09,1655.78,1638.67,1655.35,116385
2015-12-31,1655.35,1655.87,1630.86,1631.1,195534
2016-01-01,1631.1,1669.27,1628.69,1653.66,140286
2016-01-04,1653.66,1653.91,1648.8,1651.66,96763
2016-01-05,1651.66,1663.77,1617.66,1645.76,163706
2016-01-06,1645.76,1646.17,1631.46,1631.47,58155
2016-01-07,1631.47,1633.92,1600.2,1608.24,68364
2016-01-08,1608.24,1621.32,1607.82,1620.49,120754
2016-01-11,1620.49,1622.02,1616.81,1622.0,164173
2016-01-12,1622.0,1622.7,1598.64,1604.11,65269
2016-01-13,1604.11,1606.0,1586.0,1586.44,90563
2016-01-14,1586.44,1590.23,1580.29,1582.38,40109
2016-01-15,1582.38,1621.61,1566.01,1606.51,49200
2016-01-18,1606.51,1614.46,1598.84,1603.39,60222
2016-01-19,1603.39,1608.54,1581.73,1582.83,141176
2016-01-20,1582.83,1583.04,1566.53,1580.06,125823
2016-01-21,1580.06,1580.84,1576.68,1576.94,99030
2016-01-22,1576.94,1599.31,1475.69,1540.56,111163
2016-01-25,1540.56,1549.07,1535.72,1540.69,210208
2016-01-26,1540.69,1544.48,1535.06,1538.43,16387
2016-01-27,1538.43,1549.57,1537.27,1548.8,95414
2016-01-28,1548.8,1575.8,1543.0,1575.11,119447
2016-01-29,1575.11,1661.69,1549.83,1591.57,120280
2016-02-01,1591.57,1592.97,1587.73,1588.44,89490
2016-02-02,1588.44,1608.9,1555.61,1573.67,157092
2016-02-03,1573.67,1616.17,1559.41,1610.54,126378
2016-02-04,1610.54,1616.33,1607.0,1611.94,152816
2016-02-05,1611.94,1622.45,1607.6,1612.7,93667
2016-02-08,1612.7,1615.67,1612.65,1612.91,97494
2016-02-09,1612.91,1616.65,1609.48,1616.29,136940
2016-02-10,1616.29,1632.54,1592.59,1614.78,123514
2016-02-11,1614.78,1635.76,1606.16,1607.18,81260
2016-02-12,1607.18,1625.26,1591.29,1600.04,67744
2016-02-15,1600.04,1601.12,1599.85,1600.2,146654
2016-02-16,1600.2,1620.52,1588.24,1593.18,77526
2016-02-17,1593.18,1615.15,1562.52,1583.86,121241
2016-02-18,1583.86,1589.13,1577.76,1586.06,134829
2016-02-19,1586.06,1588.22,1580.86,1583.2,80968
2016-02-22,1583.2,1615.11,1563.46,1605.07,96965
2016-02-23,1605.07,1610.63,1567.53,1568.59,105877
2016-02-24,1568.59,1612.63,1556.18,1584.56,50218
2016-02-25,1584.56,1605.31,1580.39,1602.8,46397
2016-02-26,1602.8,1607.91,1567.13,1574.39,139751
2016-02-29,1574.39,1594.66,1559.11,1570.41,125298
2016-03-01,1570.41,1576.73,1552.9,1566.07,109099
2016-03-02,1566.07,1574.99,1534.33,1547.56,77222
2016-03-03,1547.56,1549.8,1537.87,1537.89,32459
2016-03-04,1537.89,1550.51,1512.49,1523.85,84324
2016-03-07,1523.85,1566.48,1517.36,1548.62,125780
2016-03-08,1548.62,1570.32,1530.18,1562.38,110713
2016-03-09,1562.38,1588.3,1543.36,1580.86,133084
2016-03-10,1580.86,1595.25,1580.27,1591.72,142506
2016-03-11,1591.72,1600.54,1568.22,1576.66,166549
2016-03-14,1576.66,1579.77,1562.7,1570.17,117895
2016-03-15,1570.17,1581.7,1568.09,1577.79,48377
2016-03-16,1577.79,1580.5,1556.26,1561.66,161379
2016-03-17,1561.66,1581.33,1551.09,1572.39,100125
2016-03-18,1572.39,1593.31,1540.08,1569.88,123490
2016-03-21,1569.88,1570.17,1562.95,1565.53,169925
2016-03-22,1565.53,1589.61,1541.41,1576.25,84573
2016-03-23,1576.25,1585.07,1566.74,1583.25,131596
2016-03-24,1583.25,1588.76,1555.55,1578.99,92172
2016-03-25,1578.99,1597.0,1569.61,1596.03,87250
2016-03-28,1596.03,1598.25,1576.06,1581.61,73772
2016-03-29,1581.61,1594.91,1576.98,1591.03,88221
2016-03-30,1591.03,1639.3,1588.95,1600.13,59662
2016-03-31,1600.13,1654.17,1546.04,1596.48,155138
2016-04-01,1596.48,1602.61,1591.94,1601.81,52081
2016-04-04,1601.81,1606.26,1582.66,1584.94,122593
2016-04-05,1584.94,1605.08,1582.94,1598.71,107703
2016-04-06,1598.71,1687.11,1568.07,1596.84,95407
2016-04-07,1596.84,1603.37,1589.75,1590.23,128456
2016-04-08,1590.23,1650.32,1543.5,1605.8,83049
2016-04-11,1605.8,1620.13,1593.92,1596.56,129313
2016-04-12,1596.56,1619.79,1566.78,1577.59,70630
2016-04-13,1577.59,1581.47,1555.13,1556.91,100351
2016-04-14,1556.91,1566.52,1554.81,1566.21,15810
2016-04-15,1566.21,1571.63,1535.63,1549.52,97683
2016-04-18,1549.52,1577.06,1529.11,1574.68,191083
2016-04-19,1574.68,1596.41,1537.62,1546.89,151523
2016-04-20,1546.89,1571.53,1546.57,1571.22,129240
2016-04-21,1571.22,1581.73,1548.84,1575.04,187403
2016-04-22,1575.04,1594.4,1570.01,1574.57,119963
2016-04-25,1574.57,1579.56,1544.13,1567.9,133122
2016-04-26,1567.9,1612.91,1567.49,1574.35,144874
2016-04-27,1574.35,1577.07,1573.21,1574.71,113666
2016-04-28,1574.71,1596.79,1569.37,1591.01,128374
2016-04-29,1591.01,1593.47,1590.86,1593.42,87792
2016-05-02,1593.42,1602.52,1568.72,1596.34,129746
2016-05-03,1596.34,1596.45,1586.24,1592.02,99177
2016-05-04,1592.02,1598.02,1590.91,1592.04,124381
2016-05-05,1592.04,1602.69,1589.28,1597.19,101651
2016-05-06,1597.19,1603.21,1547.46,1574.06,60256
2016-05-09,1574.06,1574.26,1553.86,1556.36,138251
2016-05-10,1556.36,1568.28,1536.07,1567.6,103380
2016-05-11,1567.6,1593.41,1558.87,1570.91,44321
2016-05-12,1570.91,1574.3,1559.09,1569.29,135566
2016-05-13,1569.29,1585.38,1567.97,1570.49,141150
2016-05-16,1570.49,1578.42,1569.81,1576.25,116009
2016-05-17,1576.25,1579.84,1569.51,1569.68,57052
2016-05-18,1569.68,1570.35,1556.34,1559.88,98404
2016-05-19,1559.88,1566.82,1547.31,1563.58,166934
2016-05-20,1563.58,1579.53,1542.88,1551.12,44776
2016-05-23,1551.12,1559.69,1550.6,1557.76,127566
2016-05-24,1557.76,1560.93,1535.38,1535.54,105983
2016-05-25,1535.54,1551.41,1534.13,1550.68,115705
2016-05-26,1550.68,1570.54,1550.29,1558.21,119180
2016-05-27,1558.21,1571.45,1549.94,1562.76,77035
2016-05-30,1562.76,1587.02,1558.96,1577.37,136318
2016-05-31,1577.37,1601.93,1576.91,1601.66,129864
2016-06-01,1601.66,1630.09,1596.72,1616.89,120724
2016-06-02,1616.89,1624.96,1591.49,1591.59,105494
2016-06-03,1591.59,1600.92,1517.35,1574.6,110920
2016-06-06,1574.6,1577.89,1566.33,1566.9,131784
2016-06-07,1566.9,1576.74,1564.36,1568.26,69355
2016-06-08,1568.26,1582.51,1543.29,1576.43,83414
2016-06-09,1576.43,1585.89,1536.35,1567.33,47936
2016-06-10,1567.33,1574.93,1566.83,1570.92,108746
2016-06-13,1570.92,1572.46,1558.65,1561.47,141617
2016-06-14,1561.47,1573.83,1546.95,1554.11,63280
2016-06-15,1554.11,1572.73,1534.8,1536.01,122240
2016-06-16,1536.01,1554.36,1520.45,1524.71,141177
2016-06-17,1524.71,1529.45,1502.66,1507.84,86769
2016-06-20,1507.84,1509.1,1489.73,1496.21,195268
2016-06-21,1496.21,1527.54,1489.24,1511.55,58965
2016-06-22,1511.55,1511.66,1499.12,1500.23,92988
2016-06-23,1500.23,1539.28,1496.82,1536.84,111638
2016-06-24,1536.84,1549.16,1526.49,1544.73,171391
2016-06-27,1544.73,1548.44,1544.51,1548.39,217426
2016-06-28,1548.39,1556.19,1530.26,1537.83,124008
2016-06-29,1537.83,1578.1,1529.55,1548.54,57758
2016-06-30,1548.54,1549.89,1532.79,1541.83,44087
2016-07-01,1541.83,1548.34,1524.67,1544.65,95920
2016-07-04,1544.65,1592.13,1535.04,1581.11,138882
2016-07-05,1581.11,1581.24,1580.39,1580.75,132774
2016-07-06,1580.75,1605.07,1576.73,1597.85,81329
2016-07-07,1597.85,1619.09,1559.43,1588.88,83500
2016-07-08,1588.88,1610.41,1562.7,1589.35,150101
2016-07-11,1589.35,1619.11,1583.56,1615.34,147643
2016-07-12,1615.34,1631.18,1599.31,1607.26,46565
2016-07-13,1607.26,1650.89,1573.5,1634.05,52010
2016-07-14,1634.05,1650.23,1624.12,1645.04,41180
2016-07-15,1645.04,1662.73,1635.8,1637.6,74356
2016-07-18,1637.6,1659.8,1630.42,1647.51,164751
2016-07-19,1647.51,1671.68,1637.12,1662.4,75793
2016-07-20,1662.4,1698.59,1654.74,1672.18,40153
2016-07-21,1672.18,1694.27,1646.94,1649.76,103182
2016-07-22,1649.76,1659.31,1636.08,1639.91,91653
2016-07-25,1639.91,1644.75,1633.95,1637.07,89707
2016-07-26,1637.07,1639.59,1620.13,1636.76,69641
2016-07-27,1636.76,1651.35,1614.84,1646.51,67796
2016-07-28,1646.51,1652.07,1645.62,1649.82,39598
2016-07-29,1649.82,1650.59,1629.06,1631.21,108931
2016-08-01,1631.21,1660.94,1626.66,1637.49,107935
2016-08-02,1637.49,1647.19,1637.45,1647.1,119023
2016-08-03,1647.1,1673.17,1638.97,1655.99,110246
2016-08-04,1655.99,1689.53,1645.03,1672.55,79498
2016-08-05,1672.55,1690.68,1661.07,1685.51,57846
2016-08-08,1685.51,1706.5,1681.03,1692.91,86820
2016-08-09,1692.91,1701.5,1623.6,1692.39,20044
2016-08-10,1692.39,1692.77,1668.07,1668.3,106702
2016-08-11,1668.3,1686.86,1649.09,1675.28,34719
2016-08-12,1675.28,1709.24,1670.68,1678.97,98149
2016-08-15,1678.97,1683.73,1677.01,1683.6,92390
2016-08-16,1683.6,1721.07,1656.98,1665.32,80444
2016-08-17,1665.32,1701.23,1617.65,1650.19,56151
2016-08-18,1650.19,1666.87,1649.26,1666.34,202879
2016-08-19,1666.34,1691.58,1643.31,1666.43,76543
2016-08-22,1666.43,1687.56,1647.12,1677.15,133691
2016-08-23,1677.15,1678.78,1676.5,1678.2,46771
2016-08-24,1678.2,1707.46,1671.68,1679.26,104114
2016-08-25,1679.26,1697.77,1677.02,1693.84,109585
2016-08-26,1693.84,1719.64,1682.46,1686.7,52489
2016-08-29,1686.7,1692.68,1686.03,1688.72,65938
2016-08-30,1688.72,1688.9,1682.3,1682.44,91788
2016-08-31,1682.44,1693.32,1665.79,1676.62,69432
2016-09-01,1676.62,1688.08,1662.28,1672.7,84701
2016-09-02,1672.7,1697.48,1629.63,1676.65,101356
2016-09-05,1676.65,1696.94,1668.24,1670.23,92896
2016-09-06,1670.23,1701.3,1669.99,1689.53,69151
2016-09-07,1689.53,1712.02,1656.6,1676.84,104282
2016-09-08,1676.84,1681.23,1670.83,1674.74,97718
2016-09-09,1674.74,1682.19,1667.62,1668.93,75922
2016-09-12,1668.93,1701.11,1662.54,1691.07,130226
2016-09-13,1691.07,1700.2,1683.74,1694.61,112798
2016-09-14,1694.61,1722.42,1691.67,1710.69,168183
2016-09-15,1710.69,1730.83,1660.06,1688.93,74853
2016-09-16,1688.93,1698.91,1687.88,1693.54,98536
2016-09-19,1693.54,1721.02,1684.25,1707.48,21306
2016-09-20,1707.48,1709.38,1707.38,1709.26,86933
2016-09-21,1709.26,1729.53,1708.35,1725.93,85065
2016-09-22,1725.93,1727.54,1703.02,1718.53,92667
2016-09-23,1718.53,1740.71,1718.11,1740.52,178393
2016-09-26,1740.52,1777.3,1740.2,1776.57,4627
2016-09-27,1776.57,1778.52,1764.89,1771.12,71541
2016-09-28,1771.12,1774.19,1756.79,1764.43,84849
2016-09-29,1764.43,1805.16,1712.07,1787.48,94858
2016-09-30,1787.48,1841.31,1766.65,1812.74,128125
2016-10-03,1812.74,1814.49,1789.8,1804.46,80655
2016-10-04,1804.46,1822.0,1755.65,1797.89,90915
2016-10-05,1797.89,1798.27,1791.53,1793.57,125504
2016-10-06,1793.57,1799.62,1764.91,1772.59,120183
2016-10-07,1772.59,1787.65,1740.3,1758.55,70162
2016-10-10,1758.55,1768.13,1735.57,1743.38,65746
2016-10-11,1743.38,1756.44,1731.87,1732.02,92829
2016-10-12,1732.02,1734.73,1730.38,1731.95,152620
2016-10-13,1731.95,1736.65,1721.88,1736.01,57774
2016-10-14,1736.01,1768.82,1729.47,1760.36,167567
2016-10-17,1760.36,1799.69,1738.92,1745.27,85390
2016-10-18,1745.27,1826.95,1730.06,1760.9,80321
2016-10-19,1760.9,1785.94,1747.46,1757.92,93094
2016-10-20,1757.92,1758.71,1739.56,1757.52,103023
2016-10-21,1757.52,1768.97,1741.67,1768.37,58178
2016-10-24,1768.37,1768.69,1750.88,1751.26,101259
2016-10-25,1751.26,1772.12,1742.02,1757.58,110924
2016-10-26,1757.58,1760.59,1747.25,1760.53,86237
2016-10-27,1760.53,1775.71,1746.24,1768.56,73274
2016-10-28,1768.56,1778.5,1768.5,1773.4,176010
2016-10-31,1773.4,1846.13,1765.41,1812.53,146700
2016-11-01,1812.53,1821.8,1763.09,1802.49,147445
2016-11-02,1802.49,1819.34,1786.5,1794.24,69845
2016-11-03,1794.24,1802.71,1771.5,1784.62,116377
2016-11-04,1784.62,1785.24,1773.68,1776.16,92471
2016-11-07,1776.16,1776.59,1764.55,1766.51,116750
2016-11-08,1766.51,1791.01,1764.87,1785.49,135946
2016-11-09,1785.49,1808.77,1784.16,1808.27,141544
2016-11-10,1808.27,1809.21,1794.63,1799.35,93264
2016-11-11,1799.35,1801.86,1785.41,1786.4,87184
2016-11-14,1786.4,1827.2,1769.62,1794.11,168636
2016-11-15,1794.11,1794.74,1783.81,1785.64,67564
2016-11-16,1785.64,1801.29,1779.35,1795.91,106056
2016-11-17,1795.91,1804.0,1791.73,1799.37,183388
2016-11-18,1799.37,1806.07,1771.12,1775.69,131456
2016-11-21,1775.69,1831.89,1760.6,1800.43,130420
2016-11-22,1800.43,1850.76,1745.31,1829.4,157911
2016-11-23,1829.4,1832.72,1818.06,1819.63,94762
2016-11-24,1819.63,1839.38,1795.38,1813.55,140410
2016-11-25,1813.55,1819.52,1812.96,1818.3,97808
2016-11-28,1818.3,1823.96,1790.88,1823.82,80494
2016-11-29,1823.82,1854.73,1803.0,1834.57,30789
2016-11-30,1834.57,1936.04,1833.31,1867.46,74355
2016-12-01,1867.46,1944.03,1863.31,1864.47,107184
2016-12-02,1864.47,1874.35,1837.65,1851.34,61952
2016-12-05,1851.34,1858.28,1828.63,1828.96,77432
2016-12-06,1828.96,1866.53,1802.42,1817.32,49274
2016-12-07,1817.32,1817.55,1811.08,1816.96,113265
2016-12-08,1816.96,1882.59,1805.8,1846.13,84004
2016-12-09,1846.13,1847.71,1828.51,1837.76,98980
2016-12-12,1837.76,1841.73,1835.1,1841.48,86271
2016-12-13,1841.48,1882.7,1828.63,1841.28,69061
2016-12-14,1841.28,1864.14,1800.92,1860.75,134269
2016-12-15,1860.75,1905.97,1857.2,1902.67,118019
2016-12-16,1902.67,1905.71,1883.16,1893.57,82645
2016-12-19,1893.57,1921.03,1863.64,1885.25,82081
2016-12-20,1885.25,1958.84,1879.38,1902.57,105434
2016-12-21,1902.57,1914.0,1902.52,1913.84,140913
2016-12-22,1913.84,1947.36,1912.7,1945.01,123173
2016-12-23,1945.01,1973.77,1942.0,1954.65,113534
2016-12-26,1954.65,1955.09,1916.79,1948.03,29237
2016-12-27,1948.03,1960.84,1946.43,1957.8,99284
2016-12-28,1957.8,1977.55,1931.56,1976.58,155638
2016-12-29,1976.58,1996.22,1945.57,1990.4,122816
2016-12-30,1990.4,2002.51,1984.17,1998.72,101177
2017-01-02,1998.72,2028.25,1982.59,2016.98,104288
2017-01-03,2016.98,2041.64,2016.4,2037.16,108203
2017-01-04,2037.16,2130.99,2031.1,2061.32,127903
2017-01-05,2061.32,2078.11,2036.44,2072.22,118082
2017-01-06,2072.22,2072.46,2062.54,2068.2,50698
2017-01-09,2068.2,2077.08,2035.43,2069.93,94476
2017-01-10,2069.93,2092.57,2043.47,2091.11,30111
2017-01-11,2091.11,2094.63,2069.63,2075.06,111898
2017-01-12,2075.06,2081.75,2074.72,2080.84,223931
2017-01-13,2080.84,2083.85,2068.81,2072.64,111809
2017-01-16,2072.64,2074.88,2062.32,2072.21,147087
2017-01-17,2072.21,2102.03,2071.07,2094.75,208121
2017-01-18,2094.75,2103.11,2087.06,2097.23,108758
2017-01-19,2097.23,2144.62,2083.71,2097.03,67409
2017-01-20,2097.03,2102.05,2069.91,2070.98,101348
2017-01-23,2070.98,2090.6,2063.6,2083.72,76124
2017-01-24,2083.72,2098.83,2082.39,2094.62,106423
2017-01-25,2094.62,2141.48,2090.78,2133.9,55872
2017-01-26,2133.9,2137.45,2118.82,2126.9,23813
2017-01-27,2126.9,2171.46,2106.85,2129.83,114333
2017-01-30,2129.83,2175.35,2070.06,2133.32,128839
2017-01-31,2133.32,2200.01,2120.4,2161.98,63141
2017-02-01,2161.98,2165.25,2152.49,2158.82,124493
2017-02-02,2158.82,2195.05,2116.86,2162.81,11057
2017-02-03,2162.81,2176.83,2154.98,2173.09,149736
2017-02-06,2173.09,2185.14,2120.26,2175.28,77331
2017-02-07,2175.28,2184.69,2155.36,2165.35,73861
2017-02-08,2165.35,2173.58,2163.42,2167.71,114414
2017-02-09,2167.71,2214.87,2146.19,2186.97,35287
2017-02-10,2186.97,2194.4,2162.91,2165.83,3853
2017-02-13,2165.83,2189.39,2115.92,2167.03,40848
2017-02-14,2167.03,2196.29,2119.26,2152.36,9357
2017-02-15,2152.36,2175.8,2146.34,2173.88,44036
2017-02-16,2173.88,2190.08,2107.36,2143.53,37153
2017-02-17,2143.53,2144.48,2104.02,2131.77,97191
2017-02-20,2131.77,2146.74,2068.76,2137.71,64250
2017-02-21,2137.71,2167.85,2110.84,2166.22,166853
2017-02-22,2166.22,2177.09,2161.78,2163.65,150304
2017-02-23,2163.65,2165.91,2143.17,2151.78,131914
2017-02-24,2151.78,2215.68,2102.15,2186.51,150091
2017-02-27,2186.51,2188.98,2157.06,2157.37,29904
2017-02-28,2157.37,2170.87,2111.36,2114.7,147239
2017-03-01,2114.7,2130.97,2107.19,2121.86,104116
2017-03-02,2121.86,2211.99,2087.6,2111.39,149081
2017-03-03,2111.39,2156.75,2010.11,2091.43,47164
2017-03-06,2091.43,2103.61,2063.8,2103.59,119715
2017-03-07,2103.59,2118.75,2081.01,2107.11,33329
2017-03-08,2107.11,2111.83,2094.77,2095.65,71337
2017-03-09,2095.65,2105.46,2055.31,2071.17,95074
2017-03-10,2071.17,2092.5,2042.71,2086.33,67498
2017-03-13,2086.33,2099.11,2019.37,2097.41,154723
2017-03-14,2097.41,2099.89,2091.07,2094.63,113518
2017-03-15,2094.63,2141.62,2094.61,2128.06,127434
2017-03-16,2128.06,2150.42,2075.04,2106.99,166132
2017-03-17,2106.99,2110.41,2070.91,2077.85,60062
2017-03-20,2077.85,2151.42,2049.85,2064.37,163616
2017-03-21,2064.37,2074.68,2062.22,2062.75,117397
2017-03-22,2062.75,2071.23,2060.0,2066.41,60067
2017-03-23,2066.41,2076.59,2059.2,2061.23,146105
2017-03-24,2061.23,2079.85,2028.76,2066.87,55436
2017-03-27,2066.87,2080.26,2035.62,2043.41,91433
2017-03-28,2043.41,2075.04,2013.13,2068.91,145602
2017-03-29,2068.91,2070.03,2058.11,2066.62,107984
2017-03-30,2066.62,2098.36,2044.95,2086.3,187142
2017-03-31,2086.3,2092.41,2081.98,2091.75,109978
2017-04-03,2091.75,2122.33,2089.21,2099.3,87289
2017-04-04,2099.3,2111.85,2095.22,2108.95,21377
2017-04-05,2108.95,2138.7,2103.13,2116.32,120099
2017-04-06,2116.32,2157.16,2114.88,2127.35,134501
2017-04-07,2127.35,2184.35,2094.5,2151.38,138163
2017-04-10,2151.38,2217.66,2141.07,2153.95,104382
2017-04-11,2153.95,2166.31,2138.71,2166.29,46199
2017-04-12,2166.29,2194.57,2142.41,2163.35,85474
2017-04-13,2163.35,2196.82,2132.41,2189.79,102980
2017-04-14,2189.79,2254.77,2160.73,2175.44,101973
2017-04-17,2175.44,2215.42,2133.43,2209.0,107202
2017-04-18,2209.0,2214.55,2199.52,2206.8,134687
2017-04-19,2206.8,2213.69,2159.74,2177.75,107398
2017-04-20,2177.75,2197.52,2169.37,2178.96,48865
2017-04-21,2178.96,2207.52,2136.09,2164.65,161945
2017-04-24,2164.65,2188.96,2163.62,2179.56,96195
2017-04-25,2179.56,2182.03,2153.5,2165.8,110570
2017-04-26,2165.8,2166.52,2156.02,2156.11,93491
2017-04-27,2156.11,2157.58,2104.33,2119.36,54266
2017-04-28,2119.36,2119.83,2108.5,2109.96,76485
2017-05-01,2109.96,2115.91,2062.6,2064.44,64185
2017-05-02,2064.44,2120.18,2014.58,2035.11,121368
2017-05-03,2035.11,2065.32,2014.35,2048.24,119223
2017-05-04,2048.24,2065.97,2027.78,2061.86,132894
2017-05-05,2061.86,2079.47,2055.29,2068.93,95421
2017-05-08,2068.93,2071.48,2049.96,2050.66,161213
2017-05-09,2050.66,2071.26,2022.84,2049.18,67353
2017-05-10,2049.18,2059.1,2030.51,2048.5,174744
2017-05-11,2048.5,2049.12,2026.19,2027.08,143596
2017-05-12,2027.08,2054.2,2014.72,2053.63,80629
2017-05-15,2053.63,2068.97,2052.91,2068.95,123629
2017-05-16,2068.95,2069.27,2062.37,2064.23,40895
2017-05-17,2064.23,2075.32,2058.88,2064.06,69078
2017-05-18,2064.06,2081.56,2055.16,2067.19,93658
2017-05-19,2067.19,2069.08,1997.5,2029.63,105737
2017-05-22,2029.63,2053.97,1994.91,2024.72,163177
2017-05-23,2024.72,2040.13,2010.02,2012.11,93521
2017-05-24,2012.11,2020.63,1992.74,1994.01,84740
2017-05-25,1994.01,2003.78,1981.13,1988.76,93719
2017-05-26,1988.76,2063.13,1965.13,2020.24,138566
2017-05-29,2020.24,2043.08,2006.89,2031.25,97556
2017-05-30,2031.25,2038.21,2001.1,2020.56,99077
2017-05-31,2020.56,2061.35,1989.76,2030.36,73048
2017-06-01,2030.36,2113.93,2027.12,2055.09,42766
2017-06-02,2055.09,2074.57,2051.19,2071.32,77909
2017-06-05,2071.32,2129.18,2024.53,2071.75,53517
2017-06-06,2071.75,2086.09,2054.66,2059.3,97469
2017-06-07,2059.3,2086.24,2057.41,2071.42,80937
2017-06-08,2071.42,2104.67,2022.36,2077.96,100488
2017-06-09,2077.96,2101.08,2040.12,2093.74,147971
2017-06-12,2093.74,2104.81,2092.33,2104.74,120830
2017-06-13,2104.74,2134.45,2101.72,2123.51,133172
2017-06-14,2123.51,2127.79,2107.27,2112.62,92638
2017-06-15,2112.62,2149.46,2055.82,2136.46,74743
2017-06-16,2136.46,2140.18,2136.02,2139.24,91339
2017-06-19,2139.24,2207.83,2118.3,2177.78,75803
2017-06-20,2177.78,2184.16,2155.83,2163.46,32229
2017-06-21,2163.46,2209.64,2154.74,2195.76,205515
2017-06-22,2195.76,2201.2,2179.62,2198.38,155590
2017-06-23,2198.38,2230.89,2173.83,2184.57,156656
2017-06-26,2184.57,2187.49,2168.4,2174.12,75984
2017-06-27,2174.12,2174.36,2163.65,2166.88,138687
2017-06-28,2166.88,2178.23,2158.1,2173.94,96321
2017-06-29,2173.94,2193.38,2171.74,2182.88,136408
2017-06-30,2182.88,2188.19,2170.49,2170.74,104538
2017-07-03,2170.74,2174.83,2164.67,2169.2,76231
2017-07-04,2169.2,2225.1,2158.71,2209.48,157952
2017-07-05,2209.48,2244.01,2198.06,2242.13,120222
2017-07-06,2242.13,2262.25,2234.79,2249.37,62834
2017-07-07,2249.37,2259.12,2232.22,2248.69,91136
2017-07-10,2248.69,2283.91,2208.39,2249.64,22106
2017-07-11,2249.64,2280.17,2228.75,2260.41,97262
2017-07-12,2260.41,2260.54,2237.79,2238.65,50416
2017-07-13,2238.65,2255.12,2221.49,2232.2,192987
2017-07-14,2232.2,2244.48,2196.92,2198.28,149336
2017-07-17,2198.28,2204.92,2198.03,2204.85,80337
2017-07-18,2204.85,2234.1,2183.49,2216.26,155681
2017-07-19,2216.26,2219.82,2201.92,2205.59,82269
2017-07-20,2205.59,2236.02,2204.99,2235.2,127636
2017-07-21,2235.2,2236.71,2209.36,2209.84,62964
2017-07-24,2209.84,2210.24,2179.84,2180.29,101270
2017-07-25,2180.29,2184.32,2177.97,2183.53,53220
2017-07-26,2183.53,2251.36,2165.36,2202.7,45849
2017-07-27,2202.7,2272.04,2198.44,2234.46,185832
2017-07-28,2234.46,2309.54,2167.33,2224.12,135934
2017-07-31,2224.12,2258.36,2205.11,2244.1,155610
2017-08-01,2244.1,2254.98,2140.31,2241.98,67164
2017-08-02,2241.98,2244.71,2235.25,2237.23,144755
2017-08-03,2237.23,2258.83,2202.45,2253.4,114306
2017-08-04,2253.4,2266.46,2253.28,2265.0,182312
2017-08-07,2265.0,2283.23,2227.82,2232.3,117578
2017-08-08,2232.3,2261.02,2187.36,2260.25,133700
2017-08-09,2260.25,2323.45,2260.18,2286.49,36394
2017-08-10,2286.49,2301.52,2258.91,2272.38,104673
2017-08-11,2272.38,2307.28,2226.08,2278.85,113204
2017-08-14,2278.85,2294.81,2268.5,2287.3,120857
2017-08-15,2287.3,2293.81,2276.95,2291.03,82490
2017-08-16,2291.03,2293.04,2277.95,2278.4,27849
2017-08-17,2278.4,2281.41,2257.84,2263.46,48624
2017-08-18,2263.46,2281.55,2253.11,2261.54,54518
2017-08-21,2261.54,2310.59,2258.69,2283.64,77976
2017-08-22,2283.64,2303.59,2264.3,2293.1,154112
2017-08-23,2293.1,2300.49,2253.32,2284.08,40736
2017-08-24,2284.08,2302.76,2273.01,2298.17,46186
2017-08-25,2298.17,2301.68,2235.97,2239.63,24013
2017-08-28,2239.63,2265.56,2236.75,2261.14,131365
2017-08-29,2261.14,2278.02,2215.19,2225.35,9888
2017-08-30,2225.35,2227.59,2209.08,2217.05,56063
2017-08-31,2217.05,2239.61,2179.07,2194.11,52720
2017-09-01,2194.11,2210.73,2165.2,2168.15,84769
2017-09-04,2168.15,2194.68,2149.8,2189.52,51689
2017-09-05,2189.52,2206.04,2170.1,2179.49,121227
2017-09-06,2179.49,2185.78,2174.46,2185.18,105174
2017-09-07,2185.18,2290.02,2147.98,2183.27,141487
2017-09-08,2183.27,2196.85,2176.79,2191.48,127728
2017-09-11,2191.48,2235.35,2175.19,2191.94,128125
2017-09-12,2191.94,2205.54,2082.32,2166.26,116090
2017-09-13,2166.26,2187.91,2137.42,2184.47,138319
2017-09-14,2184.47,2200.79,2167.94,2174.0,139890
2017-09-15,2174.0,2175.86,2133.44,2143.44,149090
2017-09-18,2143.44,2155.93,2095.57,2134.58,142615
2017-09-19,2134.58,2170.08,2131.56,2162.27,51071
2017-09-20,2162.27,2230.73,2132.1,2177.68,69536
2017-09-21,2177.68,2178.74,2164.9,2170.06,167693
2017-09-22,2170.06,2179.36,2161.32,2162.49,86073
2017-09-25,2162.49,2163.14,2154.07,2155.5,144787
2017-09-26,2155.5,2196.83,2155.22,2194.51,100783
2017-09-27,2194.51,2212.18,2185.55,2200.9,161617
2017-09-28,2200.9,2229.19,2175.84,2208.23,61961
2017-09-29,2208.23,2236.14,2190.75,2227.31,111201
2017-10-02,2227.31,2346.03,2215.64,2230.86,103297
2017-10-03,2230.86,2245.16,2217.2,2224.61,115648
2017-10-04,2224.61,2224.84,2203.16,2219.63,115895
2017-10-05,2219.63,2224.75,2191.49,2217.12,95674
2017-10-06,2217.12,2235.73,2177.23,2215.3,87884
2017-10-09,2215.3,2234.87,2166.64,2228.48,99125
2017-10-10,2228.48,2254.11,2225.0,2228.36,108735
2017-10-11,2228.36,2245.9,2186.29,2241.66,185720
2017-10-12,2241.66,2243.51,2225.47,2238.88,75660
2017-10-13,2238.88,2245.56,2194.26,2239.25,88483
2017-10-16,2239.25,2240.85,2189.81,2198.98,163767
2017-10-17,2198.98,2219.45,2198.32,2215.83,64799
2017-10-18,2215.83,2222.97,2208.06,2221.55,158791
2017-10-19,2221.55,2268.37,2201.14,2240.09,79828
2017-10-20,2240.09,2265.91,2157.0,2182.46,48420
2017-10-23,2182.46,2223.42,2181.86,2222.12,97613
2017-10-24,2222.12,2255.81,2210.49,2218.31,68513
2017-10-25,2218.31,2242.45,2213.47,2239.02,50952
2017-10-26,2239.02,2280.24,2217.35,2217.44,143581
2017-10-27,2217.44,2312.01,2204.35,2228.41,4862
2017-10-30,2228.41,2230.12,2206.53,2206.71,73818
2017-10-31,2206.71,2225.23,2121.49,2193.62,76359
2017-11-01,2193.62,2246.99,2188.68,2230.02,84264
2017-11-02,2230.02,2244.24,2217.82,2225.18,115297
2017-11-03,2225.18,2241.19,2223.85,2228.38,56038
2017-11-06,2228.38,2282.4,2198.62,2244.46,60867
2017-11-07,2244.46,2277.83,2202.62,2253.13,144249
2017-11-08,2253.13,2256.22,2251.42,2254.93,70023
2017-11-09,2254.93,2265.59,2239.64,2261.0,49228
2017-11-10,2261.0,2312.54,2249.31,2308.19,133326
2017-11-13,2308.19,2322.03,2262.2,2305.57,71200
2017-11-14,2305.57,2337.71,2300.52,2308.24,115429
2017-11-15,2308.24,2332.62,2296.23,2328.27,114760
2017-11-16,2328.27,2352.55,2325.77,2349.54,101219
2017-11-17,2349.54,2387.95,2336.64,2372.62,87389
2017-11-20,2372.62,2389.32,2372.26,2384.29,100644
2017-11-21,2384.29,2386.21,2355.16,2358.61,29782
2017-11-22,2358.61,2399.82,2345.73,2391.15,90487
2017-11-23,2391.15,2397.48,2352.17,2365.3,139882
2017-11-24,2365.3,2403.21,2341.04,2369.93,147643
2017-11-27,2369.93,2378.39,2347.2,2352.53,90025
2017-11-28,2352.53,2364.98,2348.61,2349.58,158490
2017-11-29,2349.58,2362.88,2338.81,2354.8,157372
2017-11-30,2354.8,2374.4,2351.38,2359.85,141935
2017-12-01,2359.85,2370.69,2358.03,2367.0,122730
2017-12-04,2367.0,2408.81,2295.37,2399.23,80034
2017-12-05,2399.23,2432.67,2392.13,2407.01,58206
2017-12-06,2407.01,2486.37,2358.26,2399.98,105891
2017-12-07,2399.98,2429.79,2390.73,2418.64,132468
2017-12-08,2418.64,2468.45,2409.45,2442.22,31575
2017-12-11,2442.22,2458.62,2398.31,2413.92,59947
2017-12-12,2413.92,2448.32,2401.15,2424.79,79752
2017-12-13,2424.79,2442.2,2421.09,2437.89,89418
2017-12-14,2437.89,2456.91,2406.16,2429.52,113844
2017-12-15,2429.52,2484.72,2427.41,2457.21,132789
2017-12-18,2457.21,2458.78,2443.08,2451.89,15040
2017-12-19,2451.89,2476.45,2448.74,2452.57,166022
2017-12-20,2452.57,2453.11,2446.22,2446.79,11296
2017-12-21,2446.79,2481.32,2419.22,2445.11,134886
2017-12-22,2445.11,2452.23,2418.18,2419.6,148077
2017-12-25,2419.6,2419.62,2387.15,2387.21,127378
2017-12-26,2387.21,2430.24,2374.5,2419.27,56043
2017-12-27,2419.27,2420.88,2391.16,2399.41,135602
2017-12-28,2399.41,2402.6,2354.51,2376.77,161565
2017-12-29,2376.77,2388.17,2280.71,2330.43,62041
2018-01-01,2330.43,2384.85,2277.16,2315.9,65440
2018-01-02,2315.9,2318.8,2285.46,2287.68,84974
2018-01-03,2287.68,2334.53,2239.83,2319.79,66503
2018-01-04,2319.79,2416.51,2310.09,2339.15,21418
2018-01-05,2339.15,2339.24,2302.91,2323.53,179681
2018-01-08,2323.53,2410.29,2296.85,2368.73,129971
2018-01-09,2368.73,2411.23,2368.54,2387.71,93086
2018-01-10,2387.71,2392.77,2370.61,2379.19,53920
2018-01-11,2379.19,2380.27,2322.42,2325.71,137123
2018-01-12,2325.71,2398.52,2313.77,2371.76,74551
2018-01-15,2371.76,2399.05,2328.87,2341.28,197648
2018-01-16,2341.28,2342.31,2300.82,2306.12,201197
2018-01-17,2306.12,2354.25,2286.89,2325.7,101285
2018-01-18,2325.7,2375.89,2249.19,2374.88,106056
2018-01-19,2374.88,2407.21,2367.91,2402.42,66966
2018-01-22,2402.42,2507.6,2389.81,2412.65,99539
2018-01-23,2412.65,2453.7,2390.46,2423.55,78937
2018-01-24,2423.55,2454.57,2399.84,2440.02,46002
2018-01-25,2440.02,2471.08,2428.95,2454.49,122040
2018-01-26,2454.49,2464.59,2422.13,2458.61,107479
2018-01-29,2458.61,2459.75,2458.38,2458.88,107211
2018-01-30,2458.88,2491.44,2415.71,2455.54,74669
2018-01-31,2455.54,2458.17,2428.14,2437.31,50220
2018-02-01,2437.31,2445.84,2422.93,2429.42,71191
2018-02-02,2429.42,2430.64,2347.84,2391.6,137872
2018-02-05,2391.6,2392.22,2387.2,2387.88,85311
2018-02-06,2387.88,2396.61,2362.85,2365.53,65615
2018-02-07,2365.53,2414.02,2310.33,2341.11,72538
2018-02-08,2341.11,2375.54,2302.46,2343.42,56463
2018-02-09,2343.42,2488.11,2341.31,2370.93,110294
2018-02-12,2370.93,2395.84,2359.02,2388.66,18705
2018-02-13,2388.66,2389.38,2315.41,2354.2,97308
2018-02-14,2354.2,2375.82,2308.73,2332.3,109899
2018-02-15,2332.3,2350.59,2332.18,2350.37,157862
2018-02-16,2350.37,2355.44,2313.31,2328.67,82840
2018-02-19,2328.67,2360.79,2299.02,2322.74,28232
2018-02-20,2322.74,2383.94,2297.72,2332.73,85288
2018-02-21,2332.73,2356.59,2290.6,2311.57,41401
2018-02-22,2311.57,2329.49,2281.67,2312.48,103781
2018-02-23,2312.48,2433.77,2279.79,2284.21,144667
2018-02-26,2284.21,2287.11,2269.04,2271.03,107803
2018-02-27,2271.03,2284.21,2269.98,2276.4,97662
2018-02-28,2276.4,2298.19,2242.55,2243.6,176480
2018-03-01,2243.6,2290.41,2242.9,2251.43,112839
2018-03-02,2251.43,2290.22,2201.59,2250.11,47382
2018-03-05,2250.11,2269.2,2228.19,2260.17,49833
2018-03-06,2260.17,2283.09,2231.21,2263.66,99102
2018-03-07,2263.66,2290.93,2262.26,2290.07,137835
2018-03-08,2290.07,2308.6,2281.99,2291.49,130761
2018-03-09,2291.49,2291.56,2276.44,2281.72,131407
2018-03-12,2281.72,2315.11,2271.27,2283.13,128298
2018-03-13,2283.13,2324.6,2256.55,2293.02,153862
2018-03-14,2293.02,2303.66,2291.73,2292.91,134912
2018-03-15,2292.91,2298.63,2285.13,2292.62,98596
2018-03-16,2292.62,2320.29,2276.2,2277.38,181948
2018-03-19,2277.38,2299.96,2261.77,2263.09,145495
2018-03-20,2263.09,2266.15,2223.24,2234.33,53722
2018-03-21,2234.33,2279.24,2230.04,2268.24,120036
2018-03-22,2268.24,2307.23,2212.81,2242.54,37143
2018-03-23,2242.54,2294.88,2210.11,2228.03,130655
2018-03-26,2228.03,2232.69,2197.82,2213.19,131919
2018-03-27,2213.19,2230.19,2211.93,2230.02,49138
2018-03-28,2230.02,2257.38,2212.18,2223.45,142001
2018-03-29,2223.45,2248.45,2209.57,2247.3,89185
2018-03-30,2247.3,2248.62,2232.68,2233.15,161442
2018-04-02,2233.15,2248.35,2231.42,2237.86,109448
2018-04-03,2237.86,2246.7,2215.91,2220.64,164224
2018-04-04,2220.64,2324.89,2172.03,2262.32,45116
2018-04-05,2262.32,2283.62,2201.33,2237.85,132028
2018-04-06,2237.85,2271.63,2229.87,2243.17,113717
2018-04-09,2243.17,2279.02,2223.02,2254.93,87641
2018-04-10,2254.93,2269.55,2155.93,2262.3,102122
2018-04-11,2262.3,2272.57,2221.59,2257.71,41579
2018-04-12,2257.71,2277.69,2203.45,2254.25,208431
2018-04-13,2254.25,2255.66,2252.02,2254.27,91199
2018-04-16,2254.27,2254.59,2249.55,2250.49,125329
2018-04-17,2250.49,2287.63,2249.05,2268.87,5300
2018-04-18,2268.87,2321.43,2267.39,2312.6,152562
2018-04-19,2312.6,2338.13,2289.72,2300.15,170127
2018-04-20,2300.15,2307.83,2265.2,2271.48,82568
2018-04-23,2271.48,2281.54,2267.86,2268.8,153687
2018-04-24,2268.8,2321.23,2237.89,2320.08,107737
2018-04-25,2320.08,2322.56,2296.43,2302.56,123693
2018-04-26,2302.56,2336.02,2301.25,2335.02,73898
2018-04-27,2335.02,2377.03,2313.43,2368.6,28840
2018-04-30,2368.6,2368.96,2338.45,2355.71,112389
2018-05-01,2355.71,2373.58,2322.8,2366.26,154655
2018-05-02,2366.26,2412.52,2351.8,2399.13,64932
2018-05-03,2399.13,2405.83,2353.59,2389.63,146709
2018-05-04,2389.63,2407.03,2375.69,2383.9,110889
2018-05-07,2383.9,2384.72,2368.28,2370.29,70304
2018-05-08,2370.29,2375.99,2347.49,2347.83,143408
2018-05-09,2347.83,2348.31,2332.95,2333.19,93263
2018-05-10,2333.19,2354.3,2301.47,2306.99,147483
2018-05-11,2306.99,2317.16,2288.87,2306.64,112577
2018-05-14,2306.64,2313.25,2281.56,2290.0,101721
2018-05-15,2290.0,2329.64,2253.15,2293.77,88673
2018-05-16,2293.77,2301.75,2259.86,2261.55,96724
2018-05-17,2261.55,2285.86,2254.17,2267.34,118006
2018-05-18,2267.34,2287.89,2263.46,2283.23,105586
2018-05-21,2283.23,2284.53,2241.18,2242.54,30253
2018-05-22,2242.54,2250.32,2236.74,2249.23,49185
2018-05-23,2249.23,2341.46,2238.3,2272.96,48362
2018-05-24,2272.96,2273.1,2242.31,2248.0,76344
2018-05-25,2248.0,2324.24,2179.99,2280.66,144268
2018-05-28,2280.66,2299.93,2101.77,2288.22,99518
2018-05-29,2288.22,2289.83,2271.7,2273.12,106425
2018-05-30,2273.12,2290.35,2243.18,2271.17,109804
2018-05-31,2271.17,2293.03,2247.65,2281.54,89717
2018-06-01,2281.54,2288.71,2274.58,2282.2,127528
2018-06-04,2282.2,2301.76,2274.99,2292.19,127958
2018-06-05,2292.19,2294.04,2272.51,2272.74,23306
2018-06-06,2272.74,2287.72,2245.55,2275.31,142268
2018-06-07,2275.31,2292.53,2202.73,2246.3,96676
2018-06-08,2246.3,2255.68,2204.05,2243.41,179345
2018-06-11,2243.41,2243.52,2224.53,2224.92,94114
2018-06-12,2224.92,2238.9,2208.7,2209.95,107319
2018-06-13,2209.95,2268.95,2205.1,2233.66,136198
2018-06-14,2233.66,2262.7,2229.71,2254.64,57811
2018-06-15,2254.64,2266.2,2253.34,2266.06,69001
2018-06-18,2266.06,2332.62,2242.25,2243.58,149988
2018-06-19,2243.58,2271.59,2209.39,2236.67,134537
2018-06-20,2236.67,2261.24,2236.42,2260.1,74963
2018-06-21,2260.1,2265.18,2249.88,2262.19,67015
2018-06-22,2262.19,2327.47,2231.98,2308.19,73558
2018-06-25,2308.19,2321.26,2303.74,2315.26,118249
2018-06-26,2315.26,2397.69,2203.5,2318.2,57992
2018-06-27,2318.2,2329.35,2292.18,2310.9,108957
2018-06-28,2310.9,2368.15,2234.52,2312.67,62871
2018-06-29,2312.67,2323.91,2251.35,2308.6,125413
2018-07-02,2308.6,2323.5,2307.87,2322.13,118985
2018-07-03,2322.13,2362.31,2314.67,2340.8,44974
2018-07-04,2340.8,2376.5,2314.76,2323.55,194771
2018-07-05,2323.55,2332.09,2284.8,2295.45,98536
2018-07-06,2295.45,2296.23,2205.36,2257.73,76014
2018-07-09,2257.73,2275.95,2248.36,2267.18,81947
2018-07-10,2267.18,2287.89,2212.08,2244.51,63982
2018-07-11,2244.51,2276.05,2197.34,2201.7,79885
2018-07-12,2201.7,2246.48,2176.89,2208.85,112245
2018-07-13,2208.85,2264.36,2197.67,2257.5,69613
2018-07-16,2257.5,2275.0,2247.55,2256.72,141520
2018-07-17,2256.72,2305.89,2247.73,2272.81,48565
2018-07-18,2272.81,2276.36,2272.07,2273.72,84262
2018-07-19,2273.72,2296.21,2176.73,2271.01,118570
2018-07-20,2271.01,2297.57,2264.9,2288.77,137266
2018-07-23,2288.77,2291.88,2274.21,2282.12,90041
2018-07-24,2282.12,2289.25,2279.63,2286.75,117566
2018-07-25,2286.75,2319.48,2285.11,2292.46,47688
2018-07-26,2292.46,2292.85,2262.29,2278.2,155546
2018-07-27,2278.2,2298.85,2273.27,2297.48,74794
2018-07-30,2297.48,2299.07,2290.45,2293.12,69112
2018-07-31,2293.12,2308.82,2247.85,2277.09,24999
2018-08-01,2277.09,2318.48,2274.19,2287.17,90922
2018-08-02,2287.17,2310.07,2250.73,2268.37,131281
2018-08-03,2268.37,2268.82,2262.61,2268.26,82867
2018-08-06,2268.26,2268.56,2267.14,2267.41,28234
2018-08-07,2267.41,2293.01,2251.46,2288.56,108095
2018-08-08,2288.56,2298.97,2232.46,2297.4,118450
2018-08-09,2297.4,2307.96,2289.23,2296.1,69098
2018-08-10,2296.1,2314.17,2295.17,2311.93,170596
2018-08-13,2311.93,2346.15,2255.17,2339.58,28774
2018-08-14,2339.58,2380.35,2320.74,2350.13,149487
2018-08-15,2350.13,2353.15,2346.19,2349.32,57465
2018-08-16,2349.32,2376.92,2293.83,2321.28,63612
2018-08-17,2321.28,2333.15,2272.76,2298.7,75772
2018-08-20,2298.7,2299.66,2290.81,2291.74,184451
2018-08-21,2291.74,2298.73,2270.78,2278.72,83145
2018-08-22,2278.72,2293.49,2269.52,2274.29,50540
2018-08-23,2274.29,2277.82,2218.99,2274.77,10176
2018-08-24,2274.77,2294.21,2273.03,2284.77,90980
2018-08-27,2284.77,2288.92,2280.33,2282.65,86487
2018-08-28,2282.65,2311.26,2275.34,2291.78,110025
2018-08-29,2291.78,2297.76,2275.96,2292.36,75895
2018-08-30,2292.36,2292.41,2252.04,2252.06,79355
2018-08-31,2252.06,2397.12,2223.56,2232.96,169027
2018-09-03,2232.96,2235.21,2229.39,2229.68,73306
2018-09-04,2229.68,2240.88,2163.33,2205.61,67986
2018-09-05,2205.61,2238.29,2176.28,2217.01,108688
2018-09-06,2217.01,2260.34,2211.62,2246.79,171316
2018-09-07,2246.79,2285.3,2242.64,2270.57,139415
2018-09-10,2270.57,2277.56,2247.83,2265.71,97075
2018-09-11,2265.71,2315.44,2257.64,2295.11,40592
2018-09-12,2295.11,2362.86,2263.1,2297.41,103518
2018-09-13,2297.41,2303.29,2277.93,2289.88,82741
2018-09-14,2289.88,2329.05,2260.31,2276.86,124395
2018-09-17,2276.86,2277.65,2268.83,2270.18,142326
2018-09-18,2270.18,2270.32,2250.34,2261.85,129597
2018-09-19,2261.85,2279.06,2181.45,2264.72,38977
2018-09-20,2264.72,2292.05,2257.09,2267.38,152551
2018-09-21,2267.38,2267.72,2266.81,2266.89,38692
2018-09-24,2266.89,2302.62,2242.18,2275.09,114520
2018-09-25,2275.09,2314.15,2221.67,2298.52,147061
2018-09-26,2298.52,2333.34,2298.07,2317.15,74393
2018-09-27,2317.15,2344.63,2233.91,2286.24,13883
2018-09-28,2286.24,2286.66,2233.62,2234.71,147569
2018-10-01,2234.71,2253.28,2212.1,2252.81,126501
2018-10-02,2252.81,2273.79,2208.85,2225.36,115854
2018-10-03,2225.36,2228.88,2218.1,2220.63,69780
2018-10-04,2220.63,2224.2,2195.9,2197.53,37080
2018-10-05,2197.53,2222.48,2156.3,2162.69,94844
2018-10-08,2162.69,2178.94,2152.34,2173.02,112226
2018-10-09,2173.02,2203.38,2161.78,2187.55,84983
2018-10-10,2187.55,2187.83,2172.0,2176.32,67693
2018-10-11,2176.32,2190.14,2117.16,2127.08,106511
2018-10-12,2127.08,2172.89,2103.27,2117.01,67909
2018-10-15,2117.01,2134.04,2108.36,2124.55,208876
2018-10-16,2124.55,2146.06,2087.59,2097.19,35749
2018-10-17,2097.19,2110.71,2089.39,2100.9,138613
2018-10-18,2100.9,2131.12,2094.08,2100.91,56095
2018-10-19,2100.91,2124.05,2085.51,2111.97,17264
2018-10-22,2111.97,2115.37,2111.95,2114.44,137812
2018-10-23,2114.44,2138.37,2070.5,2096.61,60110
2018-10-24,2096.61,2146.49,2087.1,2119.19,97464
2018-10-25,2119.19,2131.39,2112.69,2116.45,160798
2018-10-26,2116.45,2154.31,2074.35,2116.18,154890
2018-10-29,2116.18,2118.39,2096.9,2099.08,135727
2018-10-30,2099.08,2114.31,2084.05,2091.21,99837
2018-10-31,2091.21,2091.92,2073.42,2075.33,113373
2018-11-01,2075.33,2080.88,2067.69,2072.61,91418
2018-11-02,2072.61,2163.2,1999.44,2104.61,121311
2018-11-05,2104.61,2108.58,2051.13,2079.61,139774
2018-11-06,2079.61,2089.8,2039.58,2050.65,90644
2018-11-07,2050.65,2079.86,2047.97,2078.02,159720
2018-11-08,2078.02,2080.28,2069.3,2074.63,141266
2018-11-09,2074.63,2088.89,2035.64,2062.9,135674
2018-11-12,2062.9,2099.23,2037.48,2082.44,69529
2018-11-13,2082.44,2093.22,2071.45,2071.78,70929
2018-11-14,2071.78,2112.7,2044.62,2105.92,90106
2018-11-15,2105.92,2128.99,2100.72,2118.88,71437
2018-11-16,2118.88,2127.09,2076.19,2110.06,93118
2018-11-19,2110.06,2156.55,2109.63,2150.92,165488
2018-11-20,2150.92,2194.32,2085.04,2139.59,114905
2018-11-21,2139.59,2159.93,2138.63,2153.83,83833
2018-11-22,2153.83,2159.65,2153.76,2159.65,208413
2018-11-23,2159.65,2187.32,2151.95,2184.69,128376
2018-11-26,2184.69,2217.13,2182.63,2214.97,115428
2018-11-27,2214.97,2243.51,2209.17,2215.44,129192
2018-11-28,2215.44,2216.18,2189.91,2200.62,132401
2018-11-29,2200.62,2210.44,2198.4,2209.48,61757
2018-11-30,2209.48,2288.45,2123.36,2196.2,152569
2018-12-03,2196.2,2253.53,2185.52,2235.49,158714
2018-12-04,2235.49,2239.89,2234.2,2237.95,127752
2018-12-05,2237.95,2263.52,2224.65,2230.51,88382
2018-12-06,2230.51,2242.87,2223.92,2233.94,141602
2018-12-07,2233.94,2239.59,2184.04,2207.35,84555
2018-12-10,2207.35,2209.99,2124.58,2188.42,107736
2018-12-11,2188.42,2211.88,2187.5,2211.72,97686
2018-12-12,2211.72,2214.84,2177.15,2198.84,62996
2018-12-13,2198.84,2199.64,2165.69,2178.6,46380
2018-12-14,2178.6,2190.11,2164.45,2188.99,66656
2018-12-17,2188.99,2225.22,2185.81,2212.02,93577
2018-12-18,2212.02,2231.83,2188.54,2226.0,165570
2018-12-19,2226.0,2272.95,2217.53,2245.48,106206
2018-12-20,2245.48,2246.64,2228.83,2230.31,76841
2018-12-21,2230.31,2240.07,2197.25,2202.35,123959
2018-12-24,2202.35,2242.05,2196.39,2231.67,138500
2018-12-25,2231.67,2233.36,2218.85,2225.17,107644
2018-12-26,2225.17,2230.61,2199.17,2220.12,125677
2018-12-27,2220.12,2247.63,2214.6,2246.17,128139
2018-12-28,2246.17,2257.52,2245.47,2256.99,97484
2018-12-31,2256.99,2273.17,2252.57,2265.81,163718
2019-01-01,2265.81,2342.42,2263.21,2309.17,73973
2019-01-02,2309.17,2325.72,2293.05,2295.59,114409
2019-01-03,2295.59,2327.82,2283.78,2314.0,51759
2019-01-04,2314.0,2379.07,2301.69,2314.64,182167
2019-01-07,2314.64,2324.95,2312.21,2319.6,81644
2019-01-08,2319.6,2373.2,2298.23,2350.52,53781
2019-01-09,2350.52,2389.18,2314.62,2360.38,214608
2019-01-10,2360.38,2437.45,2352.03,2370.87,76301
2019-01-11,2370.87,2397.63,2367.43,2392.61,47196
2019-01-14,2392.61,2400.68,2383.69,2384.05,105663
2019-01-15,2384.05,2398.56,2345.12,2365.64,123380
2019-01-16,2365.64,2366.79,2335.86,2343.2,52232
2019-01-17,2343.2,2392.94,2288.18,2302.29,153217
2019-01-18,2302.29,2348.15,2300.78,2343.97,40485
2019-01-21,2343.97,2355.16,2286.86,2320.65,144505
2019-01-22,2320.65,2320.81,2315.1,2315.61,130913
2019-01-23,2315.61,2322.29,2298.21,2309.47,91516
2019-01-24,2309.47,2319.95,2309.44,2315.28,89014
2019-01-25,2315.28,2339.6,2309.78,2331.5,152424
2019-01-28,2331.5,2386.8,2292.41,2348.7,87273
2019-01-29,2348.7,2362.72,2333.82,2336.02,112548
2019-01-30,2336.02,2359.24,2280.64,2332.01,93014
2019-01-31,2332.01,2343.92,2302.23,2337.27,11257
2019-02-01,2337.27,2430.25,2313.89,2331.58,21116
2019-02-04,2331.58,2375.16,2328.24,2364.32,116462
2019-02-05,2364.32,2401.5,2344.47,2373.88,139032
2019-02-06,2373.88,2388.91,2373.65,2388.58,89185
2019-02-07,2388.58,2451.53,2311.32,2401.78,98350
2019-02-08,2401.78,2431.16,2379.81,2425.89,74781
2019-02-11,2425.89,2462.99,2393.66,2428.8,77633
2019-02-12,2428.8,2441.34,2395.58,2400.21,83808
2019-02-13,2400.21,2455.87,2380.82,2407.84,73809
2019-02-14,2407.84,2408.91,2388.85,2393.17,60485
2019-02-15,2393.17,2394.8,2348.68,2381.24,62842
2019-02-18,2381.24,2393.81,2356.12,2392.84,109526
2019-02-19,2392.84,2423.26,2384.95,2418.31,112990
2019-02-20,2418.31,2437.02,2417.48,2417.85,165558
2019-02-21,2417.85,2440.7,2364.24,2423.54,113079
2019-02-22,2423.54,2496.68,2376.5,2459.25,98678
2019-02-25,2459.25,2465.74,2449.48,2463.38,151114
2019-02-26,2463.38,2521.03,2439.65,2519.42,87486
2019-02-27,2519.42,2538.92,2507.02,2530.64,95457
2019-02-28,2530.64,2531.22,2488.18,2490.24,70682
2019-03-01,2490.24,2548.98,2470.25,2505.61,4595
2019-03-04,2505.61,2541.12,2490.72,2512.74,25540
2019-03-05,2512.74,2544.53,2512.51,2540.15,34995
2019-03-06,2540.15,2554.78,2536.64,2553.81,156454
2019-03-07,2553.81,2561.02,2505.36,2549.18,37878
2019-03-08,2549.18,2552.45,2432.43,2520.33,91906
2019-03-11,2520.33,2527.65,2509.54,2514.34,138127
2019-03-12,2514.34,2527.99,2478.91,2494.24,48275
2019-03-13,2494.24,2496.72,2477.59,2480.29,83052
2019-03-14,2480.29,2499.27,2474.03,2492.04,103161
2019-03-15,2492.04,2529.27,2484.08,2527.8,104211
2019-03-18,2527.8,2541.56,2523.61,2535.24,64742
2019-03-19,2535.24,2538.14,2504.94,2507.25,101373
2019-03-20,2507.25,2525.36,2500.47,2515.83,75265
2019-03-21,2515.83,2587.36,2512.4,2541.21,96692
2019-03-22,2541.21,2552.57,2483.95,2526.17,72105
2019-03-25,2526.17,2542.91,2497.24,2521.84,41649
2019-03-26,2521.84,2534.81,2519.1,2520.85,117614
2019-03-27,2520.85,2535.95,2490.0,2502.16,95861
2019-03-28,2502.16,2515.85,2466.37,2515.28,146140
2019-03-29,2515.28,2529.3,2505.96,2511.32,4156
2019-04-01,2511.32,2528.43,2475.96,2519.37,53703
2019-04-02,2519.37,2521.46,2453.77,2498.44,144270
2019-04-03,2498.44,2509.4,2465.66,2487.64,29725
2019-04-04,2487.64,2533.51,2482.04,2502.39,59433
2019-04-05,2502.39,2504.56,2492.88,2492.98,145610
2019-04-08,2492.98,2543.85,2492.52,2530.07,86660
2019-04-09,2530.07,2551.69,2496.57,2519.85,92713
2019-04-10,2519.85,2525.71,2515.27,2523.57,111247
2019-04-11,2523.57,2621.73,2517.28,2543.11,63659
2019-04-12,2543.11,2570.15,2504.35,2510.14,74798
2019-04-15,2510.14,2539.06,2460.96,2470.26,143380
2019-04-16,2470.26,2470.69,2435.11,2436.24,110550
2019-04-17,2436.24,2469.73,2427.98,2462.64,79823
2019-04-18,2462.64,2500.66,2433.86,2449.71,107283
2019-04-19,2449.71,2517.13,2427.91,2504.66,94331
2019-04-22,2504.66,2523.73,2490.53,2491.06,29274
2019-04-23,2491.06,2637.67,2431.6,2494.01,69871
2019-04-24,2494.01,2528.75,2490.01,2527.03,110500
2019-04-25,2527.03,2581.3,2502.11,2570.84,164003
2019-04-26,2570.84,2649.88,2559.7,2616.51,29660
2019-04-29,2616.51,2642.85,2615.3,2642.84,102155
2019-04-30,2642.84,2686.71,2618.2,2664.99,127293
2019-05-01,2664.99,2693.91,2653.54,2677.03,97166
2019-05-02,2677.03,2693.79,2674.33,2693.5,125746
2019-05-03,2693.5,2828.84,2673.53,2678.41,53466
2019-05-06,2678.41,2697.99,2628.17,2657.21,84062
2019-05-07,2657.21,2665.21,2634.88,2655.27,56891
2019-05-08,2655.27,2661.52,2643.02,2649.45,68518
2019-05-09,2649.45,2663.86,2630.25,2637.07,159419
2019-05-10,2637.07,2664.76,2557.31,2651.55,33910
2019-05-13,2651.55,2687.67,2638.75,2672.16,136841
2019-05-14,2672.16,2678.44,2641.27,2672.33,90137
2019-05-15,2672.33,2705.58,2631.8,2705.44,18214
2019-05-16,2705.44,2723.48,2662.83,2676.3,136563
2019-05-17,2676.3,2723.24,2641.78,2669.81,108512
2019-05-20,2669.81,2669.87,2650.71,2651.12,71795
2019-05-21,2651.12,2651.89,2590.56,2606.07,235095
2019-05-22,2606.07,2614.01,2582.09,2602.59,24788
2019-05-23,2602.59,2605.96,2556.32,2598.24,144867
2019-05-24,2598.24,2633.74,2596.45,2631.59,79254
2019-05-27,2631.59,2654.06,2627.27,2644.58,11367
2019-05-28,2644.58,2649.3,2613.04,2619.07,69971
2019-05-29,2619.07,2694.93,2594.47,2660.59,78714
2019-05-30,2660.59,2700.5,2656.24,2687.56,198394
2019-05-31,2687.56,2719.55,2661.15,2699.45,87332
2019-06-03,2699.45,2732.35,2572.02,2692.07,59836
2019-06-04,2692.07,2696.28,2639.02,2667.45,74656
2019-06-05,2667.45,2672.39,2533.45,2656.88,132197
2019-06-06,2656.88,2737.84,2590.37,2680.72,178963
2019-06-07,2680.72,2725.84,2669.02,2723.72,158153
2019-06-10,2723.72,2769.46,2721.7,2758.93,133259
2019-06-11,2758.93,2793.32,2698.65,2744.82,74353
2019-06-12,2744.82,2751.98,2694.27,2715.69,109682
2019-06-13,2715.69,2739.04,2696.08,2717.02,92490
2019-06-14,2717.02,2737.46,2660.75,2672.96,19591
2019-06-17,2672.96,2749.42,2608.79,2678.75,102631
2019-06-18,2678.75,2686.6,2661.48,2673.41,102260
2019-06-19,2673.41,2674.2,2656.44,2660.63,106005
2019-06-20,2660.63,2681.86,2613.73,2621.73,61189
2019-06-21,2621.73,2637.89,2615.01,2632.05,103495
2019-06-24,2632.05,2633.24,2617.48,2618.09,20402
2019-06-25,2618.09,2621.67,2586.68,2589.68,123355
2019-06-26,2589.68,2643.52,2503.64,2523.53,117150
2019-06-27,2523.53,2570.51,2501.34,2521.81,97728
2019-06-28,2521.81,2574.62,2506.92,2560.43,126209
2019-07-01,2560.43,2606.67,2557.23,2596.94,135101
2019-07-02,2596.94,2602.63,2581.22,2585.06,165057
2019-07-03,2585.06,2587.64,2563.87,2569.99,109984
2019-07-04,2569.99,2592.12,2555.71,2579.33,45421
2019-07-05,2579.33,2600.51,2549.36,2555.39,104071
2019-07-08,2555.39,2561.77,2544.64,2560.97,104937
2019-07-09,2560.97,2644.6,2545.63,2577.07,76429
2019-07-10,2577.07,2618.02,2572.86,2603.77,162965
2019-07-11,2603.77,2612.08,2591.15,2600.03,137011
2019-07-12,2600.03,2603.29,2593.76,2593.94,109354
2019-07-15,2593.94,2614.6,2566.96,2572.56,154094
2019-07-16,2572.56,2709.11,2439.06,2552.59,74916
2019-07-17,2552.59,2552.75,2545.15,2546.31,57686
2019-07-18,2546.31,2557.65,2544.14,2553.41,97409
2019-07-19,2553.41,2574.32,2552.06,2572.87,111490
2019-07-22,2572.87,2588.76,2530.36,2553.44,124538
2019-07-23,2553.44,2586.85,2552.6,2586.08,28822
2019-07-24,2586.08,2597.69,2577.39,2578.58,74526
2019-07-25,2578.58,2584.65,2573.64,2576.8,106305
2019-07-26,2576.8,2576.94,2555.8,2558.61,68173
2019-07-29,2558.61,2567.74,2452.67,2503.32,107522
2019-07-30,2503.32,2537.73,2451.03,2521.98,68537
2019-07-31,2521.98,2553.73,2517.76,2537.41,64571
2019-08-01,2537.41,2556.6,2517.28,2530.04,140292
2019-08-02,2530.04,2531.06,2529.0,2530.49,69983
2019-08-05,2530.49,2568.75,2463.59,2540.99,139544
2019-08-06,2540.99,2547.34,2490.39,2505.14,51645
2019-08-07,2505.14,2506.32,2468.66,2492.57,73664
2019-08-08,2492.57,2517.1,2483.08,2509.23,106101
2019-08-09,2509.23,2603.19,2423.53,2480.72,87129
2019-08-12,2480.72,2488.06,2479.54,2486.36,179348
2019-08-13,2486.36,2494.91,2435.8,2455.98,122845
2019-08-14,2455.98,2490.35,2436.89,2465.44,95473
2019-08-15,2465.44,2480.34,2452.78,2463.96,121418
2019-08-16,2463.96,2521.57,2393.98,2428.43,200217
2019-08-19,2428.43,2476.12,2425.21,2452.97,45103
2019-08-20,2452.97,2461.58,2429.62,2436.5,75986
2019-08-21,2436.5,2436.55,2409.35,2418.6,109513
2019-08-22,2418.6,2427.95,2415.63,2422.41,62905
2019-08-23,2422.41,2468.63,2383.19,2446.59,90655
2019-08-26,2446.59,2449.26,2418.7,2424.18,30209
2019-08-27,2424.18,2434.16,2418.21,2425.02,140415
2019-08-28,2425.02,2444.27,2407.77,2433.72,119202
2019-08-29,2433.72,2495.39,2407.22,2448.12,125541
2019-08-30,2448.12,2466.58,2418.48,2451.35,87168
2019-09-02,2451.35,2476.43,2442.49,2442.83,102431
2019-09-03,2442.83,2447.01,2363.82,2424.51,82596
2019-09-04,2424.51,2436.97,2418.33,2425.89,121079
2019-09-05,2425.89,2426.08,2402.57,2402.6,85901
2019-09-06,2402.6,2407.81,2276.67,2341.15,83951
2019-09-09,2341.15,2367.18,2337.31,2350.12,5820
2019-09-10,2350.12,2369.42,2349.87,2368.83,117833
2019-09-11,2368.83,2400.56,2301.68,2319.8,116415
2019-09-12,2319.8,2324.26,2286.79,2299.28,100654
2019-09-13,2299.28,2368.77,2288.44,2312.02,106957
2019-09-16,2312.02,2380.44,2301.92,2354.46,89363
2019-09-17,2354.46,2381.73,2323.5,2354.79,72015
2019-09-18,2354.79,2362.64,2330.78,2339.62,177434
2019-09-19,2339.62,2339.95,2335.13,2335.82,82549
2019-09-20,2335.82,2393.5,2326.39,2364.31,84632
2019-09-23,2364.31,2415.39,2342.47,2350.75,124530
2019-09-24,2350.75,2392.36,2282.87,2334.17,358
2019-09-25,2334.17,2343.22,2312.81,2324.27,108748
2019-09-26,2324.27,2324.32,2300.73,2304.88,40110
2019-09-27,2304.88,2320.35,2275.59,2307.53,68399
2019-09-30,2307.53,2346.06,2286.25,2340.99,140878
2019-10-01,2340.99,2349.52,2335.74,2347.66,125876
2019-10-02,2347.66,2371.13,2337.32,2342.41,160616
2019-10-03,2342.41,2375.26,2301.91,2336.39,150987
2019-10-04,2336.39,2351.08,2286.66,2304.43,164681
2019-10-07,2304.43,2345.19,2300.79,2322.63,110087
2019-10-08,2322.63,2433.7,2310.02,2321.14,109876
2019-10-09,2321.14,2352.44,2301.42,2317.56,122514
2019-10-10,2317.56,2386.71,2313.31,2383.89,85762
2019-10-11,2383.89,2392.97,2378.41,2390.0,192237
2019-10-14,2390.0,2419.17,2313.07,2374.01,87005
2019-10-15,2374.01,2396.01,2349.58,2364.97,115398
2019-10-16,2364.97,2412.54,2331.96,2388.97,97302
2019-10-17,2388.97,2401.94,2360.59,2391.17,108299
2019-10-18,2391.17,2396.08,2342.23,2360.84,55035
2019-10-21,2360.84,2384.55,2358.6,2380.01,134862
2019-10-22,2380.01,2389.57,2354.11,2365.89,181488
2019-10-23,2365.89,2407.23,2365.1,2405.24,121214
2019-10-24,2405.24,2428.12,2402.34,2428.01,193824
2019-10-25,2428.01,2431.88,2374.04,2418.1,163680
2019-10-28,2418.1,2468.13,2407.99,2445.27,169772
2019-10-29,2445.27,2449.97,2437.95,2446.31,156593
2019-10-30,2446.31,2467.0,2435.56,2464.35,53285
2019-10-31,2464.35,2484.32,2459.27,2474.39,125772
2019-11-01,2474.39,2476.47,2452.27,2455.45,87619
2019-11-04,2455.45,2456.88,2439.44,2441.09,94466
2019-11-05,2441.09,2495.34,2431.8,2462.98,116525
2019-11-06,2462.98,2465.82,2454.4,2455.23,111713
2019-11-07,2455.23,2534.81,2413.77,2446.06,108285
2019-11-08,2446.06,2455.51,2415.66,2425.14,69946
2019-11-11,2425.14,2439.27,2389.06,2433.92,182049
2019-11-12,2433.92,2480.14,2428.76,2478.26,21816
2019-11-13,2478.26,2485.66,2449.96,2454.5,124763
2019-11-14,2454.5,2461.26,2441.6,2454.6,80107
2019-11-15,2454.6,2486.25,2442.82,2484.93,138856
2019-11-18,2484.93,2527.03,2462.1,2482.62,97426
2019-11-19,2482.62,2504.7,2480.28,2492.0,102098
2019-11-20,2492.0,2499.96,2434.89,2468.18,68478
2019-11-21,2468.18,2502.76,2443.47,2477.04,86266
2019-11-22,2477.04,2513.07,2467.11,2472.45,70613
2019-11-25,2472.45,2524.64,2441.84,2493.54,51843
2019-11-26,2493.54,2523.14,2491.67,2519.2,127171
2019-11-27,2519.2,2619.34,2510.65,2576.68,102529
2019-11-28,2576.68,2598.04,2562.39,2588.92,79436
2019-11-29,2588.92,2627.6,2558.41,2595.34,67363
2019-12-02,2595.34,2615.16,2574.35,2598.74,116006
2019-12-03,2598.74,2648.59,2587.9,2589.61,119488
2019-12-04,2589.61,2599.5,2582.34,2596.33,103394
2019-12-05,2596.33,2602.45,2587.25,2588.54,89265
2019-12-06,2588.54,2592.51,2587.92,2591.38,115233
2019-12-09,2591.38,2630.93,2566.21,2620.65,135344
2019-12-10,2620.65,2662.93,2583.22,2596.35,120655
2019-12-11,2596.35,2635.32,2574.54,2621.54,80532
2019-12-12,2621.54,2670.5,2621.02,2651.02,78161
2019-12-13,2651.02,2706.95,2623.66,2646.98,71733
2019-12-16,2646.98,2648.43,2590.76,2596.67,117408
2019-12-17,2596.67,2603.93,2579.22,2581.78,80021
2019-12-18,2581.78,2646.52,2567.26,2610.53,33394
2019-12-19,2610.53,2619.19,2570.75,2608.93,108314
2019-12-20,2608.93,2614.99,2578.13,2584.99,111837
2019-12-23,2584.99,2586.62,2566.2,2572.56,118855
2019-12-24,2572.56,2600.91,2541.78,2590.82,101782
2019-12-25,2590.82,2643.83,2587.61,2602.37,29273
2019-12-26,2602.37,2606.35,2593.01,2595.87,88964
2019-12-27,2595.87,2615.65,2563.87,2586.51,13742
2019-12-30,2586.51,2596.86,2572.58,2576.66,169519
2019-12-31,2576.66,2580.75,2553.35,2554.9,97268
2020-01-01,2554.9,2593.05,2550.91,2590.77,62566
2020-01-02,2590.77,2625.17,2519.82,2582.48,121213
2020-01-03,2582.48,2618.7,2577.02,2609.43,95337
2020-01-06,2609.43,2649.74,2608.43,2643.64,83046
2020-01-07,2643.64,2682.34,2609.04,2665.83,122591
2020-01-08,2665.83,2683.44,2637.99,2654.42,91078
2020-01-09,2654.42,2663.92,2650.83,2662.65,170519
2020-01-10,2662.65,2688.2,2648.52,2660.82,167332
2020-01-13,2660.82,2673.25,2637.05,2638.46,55259
2020-01-14,2638.46,2670.2,2632.84,2644.88,59826
2020-01-15,2644.88,2646.22,2615.71,2616.36,100894
2020-01-16,2616.36,2660.89,2614.96,2642.87,60458
2020-01-17,2642.87,2673.83,2620.96,2630.92,156608
2020-01-20,2630.92,2642.27,2612.33,2634.5,60479
2020-01-21,2634.5,2640.83,2633.7,2639.98,113310
2020-01-22,2639.98,2643.84,2613.16,2632.83,62461
2020-01-23,2632.83,2649.89,2616.09,2645.4,53482
2020-01-24,2645.4,2655.28,2630.09,2633.2,118416
2020-01-27,2633.2,2653.47,2632.27,2652.42,126682
2020-01-28,2652.42,2668.63,2606.73,2619.96,121347
2020-01-29,2619.96,2638.74,2556.12,2621.87,73639
2020-01-30,2621.87,2697.97,2586.2,2666.05,112281
2020-01-31,2666.05,2666.99,2641.09,2641.42,87710
2020-02-03,2641.42,2645.33,2591.85,2624.58,90985
2020-02-04,2624.58,2668.33,2594.84,2635.48,160980
2020-02-05,2635.48,2659.31,2623.94,2638.58,93814
2020-02-06,2638.58,2646.69,2633.21,2645.67,146688
2020-02-07,2645.67,2687.86,2608.41,2656.0,130616
2020-02-10,2656.0,2685.5,2594.63,2669.74,93783
2020-02-11,2669.74,2701.73,2636.1,2694.77,112206
2020-02-12,2694.77,2714.89,2650.35,2703.19,833
2020-02-13,2703.19,2704.14,2691.76,2696.08,31974
2020-02-14,2696.08,2715.06,2681.46,2710.79,107545
2020-02-17,2710.79,2805.75,2667.75,2755.17,101891
2020-02-18,2755.17,2764.36,2727.78,2750.35,111808
2020-02-19,2750.35,2750.59,2720.36,2725.25,119567
2020-02-20,2725.25,2751.57,2711.11,2750.52,101320
2020-02-21,2750.52,2782.08,2745.73,2746.04,108667
2020-02-24,2746.04,2749.57,2676.38,2692.4,87938
2020-02-25,2692.4,2768.02,2689.7,2711.3,92266
2020-02-26,2711.3,2722.57,2667.07,2697.17,97163
2020-02-27,2697.17,2714.53,2686.84,2693.71,92658
2020-02-28,2693.71,2705.4,2689.77,2700.33,95915
2020-03-02,2700.33,2704.0,2699.44,2703.55,118254
2020-03-03,2703.55,2729.06,2697.24,2719.19,159666
2020-03-04,2719.19,2739.16,2696.12,2707.38,36095
2020-03-05,2707.38,2810.07,2638.49,2718.32,86568
2020-03-06,2718.32,2755.09,2652.64,2710.73,95704
2020-03-09,2710.73,2733.94,2696.14,2727.1,155023
2020-03-10,2727.1,2765.37,2702.78,2740.52,94755
2020-03-11,2740.52,2752.58,2710.53,2716.54,53737
2020-03-12,2716.54,2788.41,2710.52,2741.31,49485
2020-03-13,2741.31,2745.28,2708.45,2726.92,86356
2020-03-16,2726.92,2767.69,2684.3,2745.01,60375
2020-03-17,2745.01,2760.34,2740.35,2752.44,161295
2020-03-18,2752.44,2819.84,2745.44,2795.88,142486
2020-03-19,2795.88,2796.02,2779.61,2788.67,164519
2020-03-20,2788.67,2790.52,2747.65,2778.42,12320
2020-03-23,2778.42,2808.09,2775.7,2776.32,124220
2020-03-24,2776.32,2777.44,2765.7,2767.3,122819
2020-03-25,2767.3,2822.58,2705.82,2785.32,109763
2020-03-26,2785.32,2797.94,2739.87,2744.27,92276
2020-03-27,2744.27,2763.5,2692.4,2717.45,99935
2020-03-30,2717.45,2718.76,2688.62,2690.68,82838
2020-03-31,2690.68,2724.76,2666.21,2712.12,79360
2020-04-01,2712.12,2760.37,2709.19,2752.04,139816
2020-04-02,2752.04,2757.19,2739.97,2748.04,112512
2020-04-03,2748.04,2772.29,2721.84,2742.51,78341
2020-04-06,2742.51,2744.85,2739.21,2742.78,137558
2020-04-07,2742.78,2772.05,2740.84,2769.6,110905
2020-04-08,2769.6,2780.98,2745.06,2745.52,125248
2020-04-09,2745.52,2788.43,2732.34,2749.87,150304
2020-04-10,2749.87,2788.91,2742.4,2772.17,96194
2020-04-13,2772.17,2785.48,2768.19,2782.9,93152
2020-04-14,2782.9,2789.44,2782.11,2785.97,96431
2020-04-15,2785.97,2855.92,2695.8,2809.06,124722
2020-04-16,2809.06,2819.62,2725.21,2741.22,161495
2020-04-17,2741.22,2863.15,2721.54,2756.27,166567
2020-04-20,2756.27,2763.33,2734.92,2738.98,55164
2020-04-21,2738.98,2792.27,2600.48,2693.78,109890
2020-04-22,2693.78,2743.16,2669.34,2704.8,148527
2020-04-23,2704.8,2746.48,2685.47,2736.56,148261
2020-04-24,2736.56,2743.85,2728.56,2731.91,111455
2020-04-27,2731.91,2759.01,2723.15,2753.64,40229
2020-04-28,2753.64,2794.38,2750.15,2791.64,29277
2020-04-29,2791.64,2822.63,2791.24,2822.6,102756
2020-04-30,2822.6,2866.88,2817.1,2861.96,121455
2020-05-01,2861.96,2923.29,2797.65,2878.83,131277
2020-05-04,2878.83,2878.86,2876.46,2878.76,88012
2020-05-05,2878.76,2887.91,2812.75,2836.41,153191
2020-05-06,2836.41,2878.55,2740.86,2828.49,82594
2020-05-07,2828.49,2837.4,2786.47,2805.81,66565
2020-05-08,2805.81,2953.98,2797.12,2858.38,22977
2020-05-11,2858.38,2887.08,2816.09,2852.08,62675
2020-05-12,2852.08,2858.57,2811.28,2853.34,171489
2020-05-13,2853.34,2885.9,2835.82,2865.4,59959
2020-05-14,2865.4,2886.66,2803.7,2864.61,83016
2020-05-15,2864.61,2911.73,2860.7,2905.84,145742
2020-05-18,2905.84,2908.7,2885.48,2887.86,107907
2020-05-19,2887.86,2925.25,2856.37,2890.82,100804
2020-05-20,2890.82,2909.79,2860.48,2869.97,37321
2020-05-21,2869.97,2894.82,2822.22,2834.88,69607
2020-05-22,2834.88,2837.74,2794.46,2817.9,116849
2020-05-25,2817.9,2831.95,2768.86,2815.34,139806
2020-05-26,2815.34,2839.38,2792.28,2803.08,108807
2020-05-27,2803.08,2864.03,2754.25,2784.45,143125
2020-05-28,2784.45,2784.79,2744.66,2748.67,88608
2020-05-29,2748.67,2762.67,2712.21,2745.36,82043
2020-06-01,2745.36,2746.53,2688.32,2707.9,42179
2020-06-02,2707.9,2733.67,2696.22,2725.0,109010
2020-06-03,2725.0,2751.52,2719.35,2725.8,77020
2020-06-04,2725.8,2738.97,2684.98,2689.82,155658
2020-06-05,2689.82,2690.02,2681.36,2681.49,62616
2020-06-08,2681.49,2684.67,2661.79,2662.8,101242
2020-06-09,2662.8,2671.01,2659.23,2669.43,124369
2020-06-10,2669.43,2703.48,2664.69,2700.27,59712
2020-06-11,2700.27,2710.91,2652.58,2654.95,126413
2020-06-12,2654.95,2665.47,2648.19,2656.82,156958
2020-06-15,2656.82,2658.03,2646.49,2652.25,144436
2020-06-16,2652.25,2681.44,2593.31,2667.19,139008
2020-06-17,2667.19,2687.71,2666.65,2671.34,76403
2020-06-18,2671.34,2679.17,2642.87,2652.8,17405
2020-06-19,2652.8,2667.04,2638.95,2644.55,99910
2020-06-22,2644.55,2683.45,2594.25,2625.3,71073
2020-06-23,2625.3,2658.19,2606.6,2649.67,141086
2020-06-24,2649.67,2652.49,2613.65,2649.4,91279
2020-06-25,2649.4,2693.57,2648.75,2693.42,125476
2020-06-26,2693.42,2700.93,2681.99,2691.01,128609
2020-06-29,2691.01,2709.41,2670.9,2673.3,124941
2020-06-30,2673.3,2736.17,2614.61,2637.0,84423
2020-07-01,2637.0,2638.35,2559.53,2594.71,122347
2020-07-02,2594.71,2608.69,2548.05,2558.23,169361
2020-07-03,2558.23,2565.13,2555.52,2563.96,111685
2020-07-06,2563.96,2577.47,2563.04,2575.15,134751
2020-07-07,2575.15,2575.78,2538.71,2539.11,20839
2020-07-08,2539.11,2608.35,2491.65,2559.02,88726
2020-07-09,2559.02,2586.61,2522.44,2547.84,104579
2020-07-10,2547.84,2553.42,2547.52,2550.9,29671
2020-07-13,2550.9,2594.13,2550.33,2587.17,157367
2020-07-14,2587.17,2647.29,2559.54,2607.29,84734
2020-07-15,2607.29,2610.97,2591.78,2600.61,74969
2020-07-16,2600.61,2605.69,2574.98,2579.77,131254
2020-07-17,2579.77,2581.3,2530.61,2530.91,115249
2020-07-20,2530.91,2531.02,2514.48,2514.77,121472
2020-07-21,2514.77,2564.34,2445.73,2510.03,72607
2020-07-22,2510.03,2511.09,2484.16,2488.23,25668
2020-07-23,2488.23,2517.82,2484.99,2485.43,110867
2020-07-24,2485.43,2492.46,2439.89,2487.2,123353
2020-07-27,2487.2,2503.98,2479.08,2482.36,40315
2020-07-28,2482.36,2488.07,2426.15,2468.28,80791
2020-07-29,2468.28,2473.66,2467.95,2472.13,82693
2020-07-30,2472.13,2491.9,2459.14,2481.95,149713
2020-07-31,2481.95,2483.25,2425.51,2458.32,89289
2020-08-03,2458.32,2495.72,2421.12,2489.34,173921
2020-08-04,2489.34,2492.63,2467.52,2487.28,83851
2020-08-05,2487.28,2542.17,2464.09,2487.8,139170
2020-08-06,2487.8,2504.93,2478.52,2503.5,173914
2020-08-07,2503.5,2515.3,2490.17,2508.69,141184
2020-08-10,2508.69,2582.62,2388.61,2529.89,63105
2020-08-11,2529.89,2563.46,2519.77,2536.23,107024
2020-08-12,2536.23,2539.65,2517.25,2522.46,38973
2020-08-13,2522.46,2544.14,2514.67,2530.48,68071
2020-08-14,2530.48,2566.75,2496.54,2505.02,113145
2020-08-17,2505.02,2519.9,2496.0,2507.47,156344
2020-08-18,2507.47,2509.81,2504.2,2506.79,74898
2020-08-19,2506.79,2527.22,2498.15,2502.25,122233
2020-08-20,2502.25,2504.93,2486.95,2499.49,41105
2020-08-21,2499.49,2510.92,2451.77,2458.45,87315
2020-08-24,2458.45,2470.83,2416.73,2446.87,118800
2020-08-25,2446.87,2451.98,2445.43,2449.23,186253
2020-08-26,2449.23,2456.9,2443.45,2453.03,80423
2020-08-27,2453.03,2482.83,2369.01,2431.23,35589
2020-08-28,2431.23,2481.05,2424.31,2458.96,158657
2020-08-31,2458.96,2517.07,2430.35,2440.56,145979
2020-09-01,2440.56,2479.34,2415.73,2461.92,17633
2020-09-02,2461.92,2490.59,2455.14,2471.52,150093
2020-09-03,2471.52,2474.69,2443.83,2457.73,61086
2020-09-04,2457.73,2497.44,2457.4,2496.85,12099
2020-09-07,2496.85,2503.43,2457.74,2470.86,134286
2020-09-08,2470.86,2608.57,2452.67,2491.25,42934
2020-09-09,2491.25,2515.28,2482.46,2513.52,80030
2020-09-10,2513.52,2536.75,2477.78,2498.78,140615
2020-09-11,2498.78,2563.38,2477.6,2529.81,114497
2020-09-14,2529.81,2532.4,2511.6,2524.25,50919
2020-09-15,2524.25,2534.24,2478.7,2530.73,65472
2020-09-16,2530.73,2650.92,2525.18,2536.57,88073
2020-09-17,2536.57,2537.89,2506.37,2533.56,96950
2020-09-18,2533.56,2577.48,2523.42,2551.75,31954
2020-09-21,2551.75,2572.4,2551.08,2569.6,91326
2020-09-22,2569.6,2573.7,2529.9,2530.13,112598
2020-09-23,2530.13,2566.26,2526.03,2559.44,107714
2020-09-24,2559.44,2577.19,2467.01,2522.1,124277
2020-09-25,2522.1,2612.69,2515.11,2545.26,97921
2020-09-28,2545.26,2573.4,2543.45,2570.65,76324
2020-09-29,2570.65,2574.71,2532.22,2545.9,63002
2020-09-30,2545.9,2547.31,2533.76,2536.68,58909
2020-10-01,2536.68,2564.42,2446.26,2512.09,58945
2020-10-02,2512.09,2524.57,2507.18,2507.49,84098
2020-10-05,2507.49,2545.19,2471.26,2500.86,68807
2020-10-06,2500.86,2570.18,2458.91,2518.33,99274
2020-10-07,2518.33,2551.73,2515.85,2547.74,201214
2020-10-08,2547.74,2580.78,2542.57,2579.29,104956
2020-10-09,2579.29,2600.23,2540.48,2566.39,90160
2020-10-12,2566.39,2573.79,2561.49,2561.57,121696
2020-10-13,2561.57,2596.64,2501.43,2523.77,46202
2020-10-14,2523.77,2554.86,2485.89,2506.02,48610
2020-10-15,2506.02,2531.85,2505.41,2527.65,110355
2020-10-16,2527.65,2581.96,2509.18,2564.04,87015
2020-10-19,2564.04,2564.73,2536.07,2536.23,69974
2020-10-20,2536.23,2536.25,2511.64,2523.1,81498
2020-10-21,2523.1,2536.87,2510.19,2522.66,150784
2020-10-22,2522.66,2576.18,2517.67,2529.05,116740
2020-10-23,2529.05,2541.75,2505.61,2511.19,67433
2020-10-26,2511.19,2568.1,2505.1,2520.82,122898
2020-10-27,2520.82,2522.94,2489.63,2510.48,72717
2020-10-28,2510.48,2525.93,2505.81,2510.39,56973
2020-10-29,2510.39,2527.03,2500.59,2522.74,130942
2020-10-30,2522.74,2524.81,2515.14,2523.06,43222
2020-11-02,2523.06,2527.77,2505.82,2513.55,105941
2020-11-03,2513.55,2521.35,2510.82,2511.35,128130
2020-11-04,2511.35,2703.84,2495.71,2509.64,43009
2020-11-05,2509.64,2511.41,2492.42,2501.72,115999
2020-11-06,2501.72,2505.54,2494.63,2496.31,81692
2020-11-09,2496.31,2565.27,2486.64,2532.08,38097
2020-11-10,2532.08,2545.9,2522.49,2544.8,37401
2020-11-11,2544.8,2558.63,2532.64,2538.28,107212
2020-11-12,2538.28,2569.98,2504.76,2554.07,97939
2020-11-13,2554.07,2555.28,2534.16,2546.63,137352
2020-11-16,2546.63,2606.14,2532.13,2573.22,132902
2020-11-17,2573.22,2587.48,2536.77,2581.61,17114
2020-11-18,2581.61,2584.89,2575.03,2579.12,115408
2020-11-19,2579.12,2593.55,2572.55,2589.29,104572
2020-11-20,2589.29,2589.34,2553.53,2553.59,111807
2020-11-23,2553.59,2562.46,2523.37,2528.43,92954
2020-11-24,2528.43,2599.86,2476.74,2502.16,120900
2020-11-25,2502.16,2524.04,2487.46,2505.66,81786
2020-11-26,2505.66,2566.07,2495.19,2544.58,140990
2020-11-27,2544.58,2628.69,2503.71,2595.3,55725
2020-11-30,2595.3,2630.87,2547.25,2609.86,82760
2020-12-01,2609.86,2623.11,2608.13,2621.26,66872
2020-12-02,2621.26,2633.73,2576.71,2579.76,127470
2020-12-03,2579.76,2590.1,2556.7,2567.44,65690
2020-12-04,2567.44,2573.46,2527.51,2549.73,124216
2020-12-07,2549.73,2556.74,2521.78,2535.96,104623
2020-12-08,2535.96,2536.23,2532.32,2532.42,115187
2020-12-09,2532.42,2532.93,2511.5,2522.14,87203
2020-12-10,2522.14,2534.25,2477.98,2478.78,175844
2020-12-11,2478.78,2537.23,2414.66,2495.69,101838
2020-12-14,2495.69,2503.62,2469.65,2472.61,121778
2020-12-15,2472.61,2482.57,2462.58,2478.37,110239
2020-12-16,2478.37,2563.64,2449.84,2524.65,85472
2020-12-17,2524.65,2525.46,2499.91,2504.56,82262
2020-12-18,2504.56,2516.33,2442.77,2449.68,137386
2020-12-21,2449.68,2460.81,2443.75,2444.16,138819
2020-12-22,2444.16,2490.51,2364.63,2468.71,142472
2020-12-23,2468.71,2520.86,2430.8,2512.31,71285
2020-12-24,2512.31,2526.58,2479.26,2485.59,152640
2020-12-25,2485.59,2499.78,2484.17,2497.01,58815
2020-12-28,2497.01,2507.7,2480.72,2487.24,101865
2020-12-29,2487.24,2499.14,2482.07,2485.42,127530
2020-12-30,2485.42,2555.44,2472.42,2544.6,126275
2020-12-31,2544.6,2545.79,2508.86,2511.33,112482
2021-01-01,2511.33,2547.45,2465.81,2517.36,77302
2021-01-04,2517.36,2629.68,2425.42,2528.15,92280
2021-01-05,2528.15,2670.32,2497.36,2552.81,92077
2021-01-06,2552.81,2587.04,2544.48,2555.24,64406
2021-01-07,2555.24,2569.31,2536.32,2562.41,115675
2021-01-08,2562.41,2581.36,2541.35,2553.76,57173
2021-01-11,2553.76,2575.29,2548.57,2560.05,163565
2021-01-12,2560.05,2566.92,2552.37,2552.52,102535
2021-01-13,2552.52,2585.6,2538.06,2566.79,133810
2021-01-14,2566.79,2592.6,2549.39,2558.62,166970
2021-01-15,2558.62,2593.18,2513.74,2567.36,82168
2021-01-18,2567.36,2574.86,2563.41,2566.88,52281
2021-01-19,2566.88,2596.86,2546.95,2592.69,60762
2021-01-20,2592.69,2624.27,2587.38,2591.59,126486
2021-01-21,2591.59,2641.93,2496.62,2551.46,20066
2021-01-22,2551.46,2590.24,2538.53,2580.29,72860
2021-01-25,2580.29,2585.44,2558.96,2559.91,147887
2021-01-26,2559.91,2581.56,2528.52,2545.43,66094
2021-01-27,2545.43,2566.5,2512.95,2532.41,47368
2021-01-28,2532.41,2574.51,2531.86,2563.68,57052
2021-01-29,2563.68,2572.76,2493.26,2516.07,161793
2021-02-01,2516.07,2610.6,2514.96,2587.15,130617
2021-02-02,2587.15,2621.94,2576.29,2611.49,31815
2021-02-03,2611.49,2618.64,2609.22,2616.66,120174
2021-02-04,2616.66,2647.51,2607.67,2615.4,87826
2021-02-05,2615.4,2627.6,2597.44,2622.0,104941
2021-02-08,2622.0,2635.7,2621.22,2634.07,66868
2021-02-09,2634.07,2650.61,2633.33,2649.03,118301
2021-02-10,2649.03,2684.46,2640.92,2661.9,73159
2021-02-11,2661.9,2699.36,2647.95,2663.82,91097
2021-02-12,2663.82,2687.38,2588.01,2658.99,105592
2021-02-15,2658.99,2665.17,2642.83,2655.27,45412
2021-02-16,2655.27,2655.7,2649.9,2650.56,108626
2021-02-17,2650.56,2681.66,2638.95,2677.07,139514
2021-02-18,2677.07,2703.38,2672.85,2690.88,73726
2021-02-19,2690.88,2702.06,2589.29,2621.7,173946
2021-02-22,2621.7,2647.34,2562.14,2636.93,123963
2021-02-23,2636.93,2646.38,2629.87,2641.42,130802
2021-02-24,2641.42,2660.67,2590.98,2640.93,1673
2021-02-25,2640.93,2644.16,2586.34,2631.84,126925
2021-02-26,2631.84,2661.63,2626.63,2658.06,156225
2021-03-01,2658.06,2692.7,2654.06,2680.23,65671
2021-03-02,2680.23,2689.26,2660.08,2661.8,96925
2021-03-03,2661.8,2698.17,2589.7,2671.24,73147
2021-03-04,2671.24,2671.97,2647.95,2648.27,117783
2021-03-05,2648.27,2657.69,2602.13,2616.18,200126
2021-03-08,2616.18,2625.88,2579.53,2601.85,88815
2021-03-09,2601.85,2623.61,2591.84,2621.88,106645
2021-03-10,2621.88,2654.95,2587.15,2644.08,65780
2021-03-11,2644.08,2664.47,2640.27,2656.04,52264
2021-03-12,2656.04,2727.99,2586.03,2673.0,92852
2021-03-15,2673.0,2698.74,2654.61,2685.04,109049
2021-03-16,2685.04,2723.51,2664.74,2669.68,30700
2021-03-17,2669.68,2680.13,2659.75,2679.73,81720
2021-03-18,2679.73,2701.77,2635.51,2698.54,56114
2021-03-19,2698.54,2725.66,2675.94,2716.29,40272
2021-03-22,2716.29,2746.02,2715.76,2744.57,928
2021-03-23,2744.57,2784.47,2742.79,2761.29,58755
2021-03-24,2761.29,2797.04,2747.04,2769.32,125601
2021-03-25,2769.32,2802.25,2767.11,2794.99,96883
2021-03-26,2794.99,2820.53,2774.71,2793.64,43224
2021-03-29,2793.64,2798.68,2767.08,2771.31,74830
2021-03-30,2771.31,2884.82,2670.48,2766.75,109343
2021-03-31,2766.75,2820.38,2731.04,2748.09,143091
2021-04-01,2748.09,2748.27,2731.01,2731.32,110900
2021-04-02,2731.32,2771.33,2717.95,2727.46,111669
2021-04-05,2727.46,2730.59,2707.76,2708.11,99975
2021-04-06,2708.11,2762.12,2646.8,2700.51,100400
2021-04-07,2700.51,2706.78,2647.45,2655.57,126777
2021-04-08,2655.57,2666.86,2652.39,2660.56,135859
2021-04-09,2660.56,2756.01,2618.67,2660.57,152647
2021-04-12,2660.57,2672.49,2638.96,2641.45,150986
2021-04-13,2641.45,2674.87,2639.1,2656.92,78686
2021-04-14,2656.92,2702.1,2627.95,2678.99,64247
2021-04-15,2678.99,2726.89,2636.48,2641.18,146460
2021-04-16,2641.18,2649.23,2619.07,2623.56,167428
2021-04-19,2623.56,2632.45,2596.43,2606.0,164874
2021-04-20,2606.0,2625.74,2575.4,2584.75,131962
2021-04-21,2584.75,2604.19,2584.57,2604.09,121121
2021-04-22,2604.09,2605.18,2570.15,2599.93,127435
2021-04-23,2599.93,2603.19,2593.92,2594.17,101612
2021-04-26,2594.17,2609.03,2545.12,2549.05,130546
2021-04-27,2549.05,2568.76,2547.64,2563.93,94071
2021-04-28,2563.93,2569.12,2531.03,2536.54,178750
2021-04-29,2536.54,2558.5,2521.53,2538.5,104734
2021-04-30,2538.5,2546.84,2525.43,2545.33,113824
2021-05-03,2545.33,2578.49,2544.92,2576.65,104859
2021-05-04,2576.65,2577.48,2547.44,2547.52,76532
2021-05-05,2547.52,2568.03,2452.54,2481.14,64811
2021-05-06,2481.14,2486.56,2479.84,2486.07,5771
2021-05-07,2486.07,2574.41,2466.52,2526.75,176299
2021-05-10,2526.75,2607.18,2500.18,2555.21,109549
2021-05-11,2555.21,2561.03,2541.33,2560.51,93812
2021-05-12,2560.51,2562.49,2539.48,2549.97,77327
2021-05-13,2549.97,2583.79,2528.94,2568.78,148908
2021-05-14,2568.78,2621.87,2450.77,2547.32,110080
2021-05-17,2547.32,2576.19,2542.67,2558.67,107291
2021-05-18,2558.67,2575.83,2540.12,2570.67,120646
2021-05-19,2570.67,2618.95,2554.43,2595.33,175820
2021-05-20,2595.33,2660.56,2595.04,2659.68,67132
2021-05-21,2659.68,2694.21,2605.83,2669.0,81970
2021-05-24,2669.0,2707.19,2600.35,2657.11,124697
2021-05-25,2657.11,2674.62,2629.05,2656.63,131247
2021-05-26,2656.63,2657.51,2606.16,2615.63,94648
2021-05-27,2615.63,2632.75,2536.53,2599.98,119992
2021-05-28,2599.98,2620.52,2584.04,2591.01,103494
2021-05-31,2591.01,2596.11,2553.69,2579.51,62203
2021-06-01,2579.51,2602.17,2569.61,2583.49,45221
2021-06-02,2583.49,2622.13,2554.14,2565.3,113224
2021-06-03,2565.3,2593.7,2556.01,2591.38,138424
2021-06-04,2591.38,2595.73,2588.06,2591.85,193964
2021-06-07,2591.85,2617.12,2589.13,2592.1,86594
2021-06-08,2592.1,2596.84,2583.49,2585.08,172462
2021-06-09,2585.08,2630.3,2564.97,2589.13,143585
2021-06-10,2589.13,2615.94,2580.25,2608.53,81189
2021-06-11,2608.53,2620.15,2509.09,2589.06,97467
2021-06-14,2589.06,2591.73,2574.54,2574.57,83136
2021-06-15,2574.57,2578.15,2546.06,2568.25,146199
2021-06-16,2568.25,2568.27,2537.58,2538.55,57173
2021-06-17,2538.55,2538.6,2518.16,2521.02,150897
2021-06-18,2521.02,2526.16,2511.23,2511.28,142251
2021-06-21,2511.28,2531.76,2511.14,2531.62,61822
2021-06-22,2531.62,2538.85,2524.5,2538.28,144258
2021-06-23,2538.28,2558.2,2502.26,2543.39,112620
2021-06-24,2543.39,2563.64,2543.14,2563.3,39333
2021-06-25,2563.3,2579.23,2554.35,2560.85,87267
2021-06-28,2560.85,2571.69,2551.9,2570.36,119469
2021-06-29,2570.36,2574.68,2562.78,2568.65,86386
2021-06-30,2568.65,2578.23,2563.57,2575.31,136626
2021-07-01,2575.31,2608.46,2546.27,2562.72,78722
2021-07-02,2562.72,2594.02,2386.72,2508.86,49334
2021-07-05,2508.86,2527.63,2483.7,2506.82,89284
2021-07-06,2506.82,2555.7,2483.84,2539.44,148951
2021-07-07,2539.44,2575.12,2536.95,2561.08,80118
2021-07-08,2561.08,2593.54,2529.22,2583.68,60243
2021-07-09,2583.68,2675.72,2570.63,2612.61,144258
2021-07-12,2612.61,2624.61,2608.27,2615.13,122771
2021-07-13,2615.13,2620.64,2613.13,2620.14,60570
2021-07-14,2620.14,2642.55,2604.46,2606.35,56484
2021-07-15,2606.35,2620.19,2594.49,2599.6,40505
2021-07-16,2599.6,2617.44,2599.26,2614.3,161652
2021-07-19,2614.3,2672.92,2611.4,2642.69,100900
2021-07-20,2642.69,2651.4,2597.95,2639.8,119680
2021-07-21,2639.8,2671.35,2629.7,2629.7,96195
2021-07-22,2629.7,2636.91,2590.15,2630.14,54866
2021-07-23,2630.14,2702.42,2551.59,2644.54,83549
2021-07-26,2644.54,2652.48,2611.18,2611.44,109139
2021-07-27,2611.44,2612.81,2557.29,2559.59,145221
2021-07-28,2559.59,2560.93,2547.5,2547.96,82608
2021-07-29,2547.96,2584.75,2493.98,2521.49,143899
2021-07-30,2521.49,2580.51,2450.55,2511.17,44247
2021-08-02,2511.17,2511.52,2494.6,2508.91,89307
2021-08-03,2508.91,2513.29,2488.75,2499.92,84500
2021-08-04,2499.92,2546.95,2471.85,2533.23,48090
2021-08-05,2533.23,2582.82,2471.19,2541.46,110961
2021-08-06,2541.46,2549.86,2531.27,2549.09,82462
2021-08-09,2549.09,2564.62,2546.46,2563.97,191998
2021-08-10,2563.97,2615.98,2512.64,2539.12,80819
2021-08-11,2539.12,2648.5,2515.1,2563.41,51660
2021-08-12,2563.41,2576.37,2557.45,2562.49,92542
2021-08-13,2562.49,2583.79,2558.83,2578.5,56454
2021-08-16,2578.5,2616.94,2379.99,2554.96,66316
2021-08-17,2554.96,2584.06,2509.7,2521.03,115948
2021-08-18,2521.03,2543.19,2517.18,2540.3,96752
2021-08-19,2540.3,2557.56,2528.55,2549.67,119982
2021-08-20,2549.67,2556.78,2521.49,2530.34,147552
2021-08-23,2530.34,2546.1,2490.14,2511.98,107316
2021-08-24,2511.98,2562.09,2506.32,2538.12,145385
2021-08-25,2538.12,2541.9,2491.69,2512.58,155325
2021-08-26,2512.58,2553.81,2506.95,2550.33,114946
2021-08-27,2550.33,2559.72,2517.21,2531.05,83154
2021-08-30,2531.05,2552.09,2514.04,2546.34,147929
2021-08-31,2546.34,2556.74,2534.19,2539.9,137235
2021-09-01,2539.9,2616.36,2534.51,2554.42,86728
2021-09-02,2554.42,2567.72,2495.29,2543.08,68274
2021-09-03,2543.08,2558.43,2539.46,2540.39,110944
2021-09-06,2540.39,2560.27,2536.88,2542.28,68491
2021-09-07,2542.28,2554.63,2518.76,2520.87,85485
2021-09-08,2520.87,2547.85,2510.83,2538.47,84496
2021-09-09,2538.47,2577.95,2460.49,2528.0,157360
2021-09-10,2528.0,2544.6,2494.88,2523.95,156172
2021-09-13,2523.95,2530.38,2491.37,2502.98,127105
2021-09-14,2502.98,2503.15,2448.01,2448.2,102631
2021-09-15,2448.2,2460.83,2444.54,2445.51,65088
2021-09-16,2445.51,2537.04,2432.57,2499.59,144107
2021-09-17,2499.59,2520.77,2495.62,2518.16,66700
2021-09-20,2518.16,2519.32,2516.09,2518.85,36910
2021-09-21,2518.85,2557.45,2508.02,2514.13,148457
2021-09-22,2514.13,2522.94,2501.91,2515.78,142741
2021-09-23,2515.78,2530.79,2513.12,2529.1,155118
2021-09-24,2529.1,2560.01,2380.34,2503.97,77670
2021-09-27,2503.97,2537.12,2482.22,2529.92,123526
2021-09-28,2529.92,2547.66,2512.18,2547.02,92696
2021-09-29,2547.02,2582.64,2513.85,2564.22,42752
2021-09-30,2564.22,2588.48,2481.33,2575.1,101848
2021-10-01,2575.1,2608.21,2570.81,2576.43,92273
2021-10-04,2576.43,2594.14,2572.4,2592.66,125558
2021-10-05,2592.66,2615.9,2562.56,2607.04,8348
2021-10-06,2607.04,2656.93,2588.96,2599.66,79274
2021-10-07,2599.66,2614.77,2537.7,2587.33,160332
2021-10-08,2587.33,2602.28,2545.77,2590.5,138877
2021-10-11,2590.5,2630.42,2588.87,2626.99,167127
2021-10-12,2626.99,2627.37,2597.13,2599.1,24216
2021-10-13,2599.1,2600.57,2561.5,2566.48,10060
2021-10-14,2566.48,2589.69,2566.36,2571.17,94198
2021-10-15,2571.17,2574.69,2568.06,2573.28,137365
2021-10-18,2573.28,2582.1,2553.55,2578.16,162256
2021-10-19,2578.16,2664.87,2536.19,2584.63,131790
2021-10-20,2584.63,2655.26,2490.36,2580.45,135146
2021-10-21,2580.45,2693.05,2572.03,2615.51,37110
2021-10-22,2615.51,2618.92,2578.93,2579.59,50137
2021-10-25,2579.59,2613.73,2524.53,2561.74,163213
2021-10-26,2561.74,2589.09,2558.33,2560.42,30316
2021-10-27,2560.42,2563.7,2518.31,2524.6,102187
2021-10-28,2524.6,2535.07,2518.48,2521.89,23849
2021-10-29,2521.89,2560.96,2505.23,2560.36,77287
2021-11-01,2560.36,2566.08,2559.72,2561.88,137221
2021-11-02,2561.88,2578.9,2561.65,2568.14,74394
2021-11-03,2568.14,2578.29,2537.54,2540.76,95993
2021-11-04,2540.76,2543.51,2526.1,2528.13,103840
2021-11-05,2528.13,2528.15,2511.41,2520.99,60370
2021-11-08,2520.99,2523.79,2514.52,2515.18,55390
2021-11-09,2515.18,2547.97,2512.99,2545.07,77888
2021-11-10,2545.07,2582.88,2540.29,2558.77,77557
2021-11-11,2558.77,2570.3,2533.24,2534.89,72428
2021-11-12,2534.89,2552.15,2523.48,2541.61,48814
2021-11-15,2541.61,2580.23,2522.88,2553.98,84750
2021-11-16,2553.98,2588.41,2546.35,2580.92,88715
2021-11-17,2580.92,2633.9,2568.31,2618.16,91811
2021-11-18,2618.16,2627.16,2587.13,2595.65,112802
2021-11-19,2595.65,2632.84,2558.12,2578.08,94014
2021-11-22,2578.08,2578.54,2538.31,2550.66,97996
2021-11-23,2550.66,2558.0,2513.72,2546.55,71547
2021-11-24,2546.55,2580.03,2541.82,2558.23,127548
2021-11-25,2558.23,2606.37,2524.4,2581.75,126688
2021-11-26,2581.75,2619.22,2556.25,2581.04,65968
2021-11-29,2581.04,2591.01,2569.78,2574.8,134626
2021-11-30,2574.8,2605.07,2548.83,2579.31,152632
2021-12-01,2579.31,2580.82,2552.78,2561.42,98807
2021-12-02,2561.42,2615.29,2557.37,2610.22,39578
2021-12-03,2610.22,2623.43,2567.06,2574.37,62939
2021-12-06,2574.37,2602.63,2566.04,2579.65,96699
2021-12-07,2579.65,2668.41,2563.03,2627.18,78279
2021-12-08,2627.18,2629.69,2620.25,2628.18,42545
2021-12-09,2628.18,2640.92,2624.34,2624.62,98583
2021-12-10,2624.62,2640.19,2612.88,2617.22,165013
2021-12-13,2617.22,2683.63,2603.77,2613.96,101414
2021-12-14,2613.96,2671.19,2598.02,2646.74,58172
2021-12-15,2646.74,2649.17,2585.29,2596.36,53361
2021-12-16,2596.36,2633.48,2593.17,2632.74,127473
2021-12-17,2632.74,2661.2,2593.18,2600.72,55322
2021-12-20,2600.72,2621.34,2585.2,2595.61,136710
2021-12-21,2595.61,2617.86,2559.45,2586.83,69781
